id,name,value,unit,source,note
S-001,all | ALL | ALL | base | calibration_window_months,6.0,months,mart_s_01_drivers (WP31),T6M convention (WP21/WP22); window ends 2024-04-30
S-002,base | B2C | ALL | base | new_customers_per_month_avg,175.33333333333334,customers/month,mart_s_01_drivers (WP31),"T6M average new paying customers (mart_a2_01-style), series=['152', '162', '168', '189', '185', '196']"
S-003,base | B2C | ALL | base | new_customers_trend_slope,8.857142857142854,customers/month per month,mart_s_01_drivers (WP31),"OLS linear trend over the T6M window; used flat in Base, extrapolated in Bull (floored at Base run-rate)"
S-004,base | B2C | annual | base | arpa_new_customer,33.25,$/month,mart_s_01_drivers (WP31),"avg mrr of period_number=1 subs, T6M window, n=343"
S-005,base | B2C | annual | base | churn_rate_monthly,0.0028697224577626246,fraction/month,mart_s_01_drivers (WP31),"fct_subscriptions renewal-basis + fct_customer_mrr_monthly $ decomposition, T6M window ending 2024-04-30; raw rate 0.0339 on n=118 (annualized->monthly via 1-(1-r)^(1/12), A-19c)"
S-006,base | B2C | annual | base | contraction_rate_monthly,0.0,fraction/month of retained MRR,mart_s_01_drivers (WP31),"mart_a3_03-style $ decomposition /6 (B2B only; B2C=0 by construction, verified fact)"
S-007,base | B2C | annual | base | expansion_rate_monthly,0.0,fraction/month of retained MRR,mart_s_01_drivers (WP31),"mart_a3_03-style $ decomposition /6 (B2B only; B2C=0 by construction, verified fact)"
S-008,base | B2C | annual | base | plan_mix_share,0.32604562737642584,fraction of segment new custs,mart_s_01_drivers (WP31),"share of new customers on this plan, T6M window"
S-009,base | B2C | monthly | base | arpa_new_customer,49.0,$/month,mart_s_01_drivers (WP31),"avg mrr of period_number=1 subs, T6M window, n=709"
S-010,base | B2C | monthly | base | churn_rate_monthly,0.10576923076923077,fraction/month,mart_s_01_drivers (WP31),"fct_subscriptions renewal-basis + fct_customer_mrr_monthly $ decomposition, T6M window ending 2024-04-30; raw rate 0.1058 on n=4056"
S-011,base | B2C | monthly | base | contraction_rate_monthly,0.0,fraction/month of retained MRR,mart_s_01_drivers (WP31),"mart_a3_03-style $ decomposition /6 (B2B only; B2C=0 by construction, verified fact)"
S-012,base | B2C | monthly | base | expansion_rate_monthly,0.0,fraction/month of retained MRR,mart_s_01_drivers (WP31),"mart_a3_03-style $ decomposition /6 (B2B only; B2C=0 by construction, verified fact)"
S-013,base | B2C | monthly | base | plan_mix_share,0.6739543726235742,fraction of segment new custs,mart_s_01_drivers (WP31),"share of new customers on this plan, T6M window"
S-014,base | Enterprise | ALL | base | new_customers_per_month_avg,9.666666666666666,customers/month,mart_s_01_drivers (WP31),"T6M average new paying customers (mart_a2_01-style), series=['9', '10', '9', '10', '10', '10']"
S-015,base | Enterprise | ALL | base | new_customers_trend_slope,0.1714285714285717,customers/month per month,mart_s_01_drivers (WP31),"OLS linear trend over the T6M window; used flat in Base, extrapolated in Bull (floored at Base run-rate)"
S-016,base | Enterprise | annual | base | arpa_new_customer,825.0,$/month,mart_s_01_drivers (WP31),"avg mrr of period_number=1 subs, T6M window, n=49"
S-017,base | Enterprise | annual | base | churn_rate_monthly,0.008741610954696721,fraction/month,mart_s_01_drivers (WP31),"fct_subscriptions renewal-basis + fct_customer_mrr_monthly $ decomposition, T6M window ending 2024-04-30; raw rate 0.1000 on n=10 (annualized->monthly via 1-(1-r)^(1/12), A-19c)"
S-018,base | Enterprise | annual | base | contraction_rate_monthly,0.0011236417255258394,fraction/month of retained MRR,mart_s_01_drivers (WP31),"mart_a3_03-style $ decomposition /6 (B2B only; B2C=0 by construction, verified fact)"
S-019,base | Enterprise | annual | base | expansion_rate_monthly,0.0011664098132846497,fraction/month of retained MRR,mart_s_01_drivers (WP31),"mart_a3_03-style $ decomposition /6 (B2B only; B2C=0 by construction, verified fact)"
S-020,base | Enterprise | annual | base | plan_mix_share,0.8448275862068966,fraction of segment new custs,mart_s_01_drivers (WP31),"share of new customers on this plan, T6M window"
S-021,base | Enterprise | monthly | base | arpa_new_customer,990.0,$/month,mart_s_01_drivers (WP31),"avg mrr of period_number=1 subs, T6M window, n=9"
S-022,base | Enterprise | monthly | base | churn_rate_monthly,0.057692307692307696,fraction/month,mart_s_01_drivers (WP31),"fct_subscriptions renewal-basis + fct_customer_mrr_monthly $ decomposition, T6M window ending 2024-04-30; raw rate 0.0577 on n=52"
S-023,base | Enterprise | monthly | base | contraction_rate_monthly,0.0011236417255258394,fraction/month of retained MRR,mart_s_01_drivers (WP31),"mart_a3_03-style $ decomposition /6 (B2B only; B2C=0 by construction, verified fact)"
S-024,base | Enterprise | monthly | base | expansion_rate_monthly,0.0011664098132846497,fraction/month of retained MRR,mart_s_01_drivers (WP31),"mart_a3_03-style $ decomposition /6 (B2B only; B2C=0 by construction, verified fact)"
S-025,base | Enterprise | monthly | base | plan_mix_share,0.15517241379310345,fraction of segment new custs,mart_s_01_drivers (WP31),"share of new customers on this plan, T6M window"
S-026,base | SMB | ALL | base | new_customers_per_month_avg,30.5,customers/month,mart_s_01_drivers (WP31),"T6M average new paying customers (mart_a2_01-style), series=['24', '28', '31', '33', '34', '33']"
S-027,base | SMB | ALL | base | new_customers_trend_slope,1.8571428571428572,customers/month per month,mart_s_01_drivers (WP31),"OLS linear trend over the T6M window; used flat in Base, extrapolated in Bull (floored at Base run-rate)"
S-028,base | SMB | annual | base | arpa_new_customer,149.92000000000004,$/month,mart_s_01_drivers (WP31),"avg mrr of period_number=1 subs, T6M window, n=97"
S-029,base | SMB | annual | base | churn_rate_monthly,0.003140086914051543,fraction/month,mart_s_01_drivers (WP31),"fct_subscriptions renewal-basis + fct_customer_mrr_monthly $ decomposition, T6M window ending 2024-04-30; raw rate 0.0370 on n=27 (annualized->monthly via 1-(1-r)^(1/12), A-19c)"
S-030,base | SMB | annual | base | contraction_rate_monthly,0.0006440561297893358,fraction/month of retained MRR,mart_s_01_drivers (WP31),"mart_a3_03-style $ decomposition /6 (B2B only; B2C=0 by construction, verified fact)"
S-031,base | SMB | annual | base | expansion_rate_monthly,0.008826604732514938,fraction/month of retained MRR,mart_s_01_drivers (WP31),"mart_a3_03-style $ decomposition /6 (B2B only; B2C=0 by construction, verified fact)"
S-032,base | SMB | annual | base | plan_mix_share,0.5300546448087432,fraction of segment new custs,mart_s_01_drivers (WP31),"share of new customers on this plan, T6M window"
S-033,base | SMB | monthly | base | arpa_new_customer,199.0,$/month,mart_s_01_drivers (WP31),"avg mrr of period_number=1 subs, T6M window, n=86"
S-034,base | SMB | monthly | base | churn_rate_monthly,0.07378640776699029,fraction/month,mart_s_01_drivers (WP31),"fct_subscriptions renewal-basis + fct_customer_mrr_monthly $ decomposition, T6M window ending 2024-04-30; raw rate 0.0738 on n=515"
S-035,base | SMB | monthly | base | contraction_rate_monthly,0.0006440561297893358,fraction/month of retained MRR,mart_s_01_drivers (WP31),"mart_a3_03-style $ decomposition /6 (B2B only; B2C=0 by construction, verified fact)"
S-036,base | SMB | monthly | base | expansion_rate_monthly,0.008826604732514938,fraction/month of retained MRR,mart_s_01_drivers (WP31),"mart_a3_03-style $ decomposition /6 (B2B only; B2C=0 by construction, verified fact)"
S-037,base | SMB | monthly | base | plan_mix_share,0.46994535519125685,fraction of segment new custs,mart_s_01_drivers (WP31),"share of new customers on this plan, T6M window"
S-038,bear | ALL | ALL | base | acquisition_relative_decline,0.1,relative %,mart_s_01_drivers (WP31),"Proposed A-19b: ~1.5x the worst observed single-month new-customer decline (-6.3%), sustained for 12mo"
S-039,bear | ALL | ALL | base | churn_relative_increase,0.15,relative %,mart_s_01_drivers (WP31),Proposed A-19: largest positive MoM deviation from the T12M mean in B2C-monthly logo churn (see results.md)
S-040,bear | Enterprise | ALL | base | expansion_multiplier,0.5,multiplier,mart_s_01_drivers (WP31),brief: bear = expansion halved
S-041,bear | SMB | ALL | base | expansion_multiplier,0.5,multiplier,mart_s_01_drivers (WP31),brief: bear = expansion halved
S-042,bull | ALL | ALL | base | acquisition_mode,1.0,flag (trend=1),mart_s_01_drivers (WP31),"Bull continues the observed T6M linear acquisition trend, floored at the Base run-rate"
S-043,bull | ALL | monthly | base | churn_save_rate,0.2,fraction saved,mart_s_01_drivers (WP31),= WP23 Strategy-1 base case
S-044,bull | B2C | monthly | base | migration_rate_monthly,0.04,fraction/month,mart_s_01_drivers (WP31),= WP23 Strategy-2 base case
S-045,bull | Enterprise | ALL | base | contraction_reduction,0.5,relative %,mart_s_01_drivers (WP31),= WP23 Strategy-3 base case
S-046,bull | SMB | ALL | base | expansion_uplift,0.4,relative %,mart_s_01_drivers (WP31),= WP23 Strategy-3 base case
S-047,strategy_1_engagement_alert | ALL | monthly | base | save_rate,0.2,fraction of flagged would-be churners saved,mart_s_01_drivers (WP31),Industry-typical outbound-save-rate range (brief-stated 10-30%); applied to monthly-plan churn only (D-18 in-period signal)
S-048,strategy_1_engagement_alert | ALL | monthly | high | save_rate,0.3,fraction of flagged would-be churners saved,mart_s_01_drivers (WP31),Industry-typical outbound-save-rate range (brief-stated 10-30%); applied to monthly-plan churn only (D-18 in-period signal)
S-049,strategy_1_engagement_alert | ALL | monthly | low | save_rate,0.1,fraction of flagged would-be churners saved,mart_s_01_drivers (WP31),Industry-typical outbound-save-rate range (brief-stated 10-30%); applied to monthly-plan churn only (D-18 in-period signal)
S-050,strategy_2_annual_migration | B2C | monthly | base | conversion_rate_monthly,0.04,fraction/month of retained monthly base,mart_s_01_drivers (WP31),"Assumed offer take-up range (no direct data); ARPA drops 49->33.25 on conversion, churn drops to the annual monthly-equivalent rate"
S-051,strategy_2_annual_migration | B2C | monthly | high | conversion_rate_monthly,0.06,fraction/month of retained monthly base,mart_s_01_drivers (WP31),"Assumed offer take-up range (no direct data); ARPA drops 49->33.25 on conversion, churn drops to the annual monthly-equivalent rate"
S-052,strategy_2_annual_migration | B2C | monthly | low | conversion_rate_monthly,0.02,fraction/month of retained monthly base,mart_s_01_drivers (WP31),"Assumed offer take-up range (no direct data); ARPA drops 49->33.25 on conversion, churn drops to the annual monthly-equivalent rate"
S-053,strategy_3_b2b_playbook | Enterprise | ALL | base | contraction_reduction,0.5,relative % of observed Enterprise contraction rate,mart_s_01_drivers (WP31),2nd-renewal save motion targeting WP22's identified Enterprise contraction window
S-054,strategy_3_b2b_playbook | Enterprise | ALL | high | contraction_reduction,0.7,relative % of observed Enterprise contraction rate,mart_s_01_drivers (WP31),2nd-renewal save motion targeting WP22's identified Enterprise contraction window
S-055,strategy_3_b2b_playbook | Enterprise | ALL | low | contraction_reduction,0.3,relative % of observed Enterprise contraction rate,mart_s_01_drivers (WP31),2nd-renewal save motion targeting WP22's identified Enterprise contraction window
S-056,strategy_3_b2b_playbook | SMB | ALL | base | expansion_uplift,0.4,relative % of observed SMB expansion rate,mart_s_01_drivers (WP31),QBR / seat-expansion motion; range reflects the observed 129-event SMB expansion base (WP22)
S-057,strategy_3_b2b_playbook | SMB | ALL | high | expansion_uplift,0.6,relative % of observed SMB expansion rate,mart_s_01_drivers (WP31),QBR / seat-expansion motion; range reflects the observed 129-event SMB expansion base (WP22)
S-058,strategy_3_b2b_playbook | SMB | ALL | low | expansion_uplift,0.2,relative % of observed SMB expansion rate,mart_s_01_drivers (WP31),QBR / seat-expansion motion; range reflects the observed 129-event SMB expansion base (WP22)
