month,segment,new_paying_customers
2023-01-01,B2C,90
2023-01-01,SMB,9
2023-01-01,Enterprise,2
2023-01-01,B2B,11
2023-01-01,Total,101
2023-02-01,B2C,85
2023-02-01,SMB,15
2023-02-01,Enterprise,2
2023-02-01,B2B,17
2023-02-01,Total,102
2023-03-01,B2C,102
2023-03-01,SMB,16
2023-03-01,Enterprise,5
2023-03-01,B2B,21
2023-03-01,Total,123
2023-04-01,B2C,108
2023-04-01,SMB,13
2023-04-01,Enterprise,4
2023-04-01,B2B,17
2023-04-01,Total,125
2023-05-01,B2C,106
2023-05-01,SMB,21
2023-05-01,Enterprise,7
2023-05-01,B2B,28
2023-05-01,Total,134
2023-06-01,B2C,126
2023-06-01,SMB,17
2023-06-01,Enterprise,5
2023-06-01,B2B,22
2023-06-01,Total,148
2023-07-01,B2C,118
2023-07-01,SMB,21
2023-07-01,Enterprise,7
2023-07-01,B2B,28
2023-07-01,Total,146
2023-08-01,B2C,131
2023-08-01,SMB,21
2023-08-01,Enterprise,5
2023-08-01,B2B,26
2023-08-01,Total,157
2023-09-01,B2C,145
2023-09-01,SMB,23
2023-09-01,Enterprise,7
2023-09-01,B2B,30
2023-09-01,Total,175
2023-10-01,B2C,162
2023-10-01,SMB,22
2023-10-01,Enterprise,7
2023-10-01,B2B,29
2023-10-01,Total,191
2023-11-01,B2C,152
2023-11-01,SMB,24
2023-11-01,Enterprise,9
2023-11-01,B2B,33
2023-11-01,Total,185
2023-12-01,B2C,162
2023-12-01,SMB,28
2023-12-01,Enterprise,10
2023-12-01,B2B,38
2023-12-01,Total,200
2024-01-01,B2C,168
2024-01-01,SMB,31
2024-01-01,Enterprise,9
2024-01-01,B2B,40
2024-01-01,Total,208
2024-02-01,B2C,189
2024-02-01,SMB,33
2024-02-01,Enterprise,10
2024-02-01,B2B,43
2024-02-01,Total,232
2024-03-01,B2C,185
2024-03-01,SMB,34
2024-03-01,Enterprise,10
2024-03-01,B2B,44
2024-03-01,Total,229
2024-04-01,B2C,196
2024-04-01,SMB,33
2024-04-01,Enterprise,10
2024-04-01,B2B,43
2024-04-01,Total,239
