month,segment,marketing_spend,new_paying_customers,cac_marketing_only
2023-01-01,B2C,34910.39,90,387.89
2023-01-01,SMB,9983.08,9,1109.23
2023-01-01,Enterprise,20783.48,2,10391.74
2023-01-01,B2B,30766.56,11,2796.96
2023-01-01,Total,65676.95,101,650.27
2023-02-01,B2C,35631.91,85,419.2
2023-02-01,SMB,10224.53,15,681.64
2023-02-01,Enterprise,20808.64,2,10404.32
2023-02-01,B2B,31033.170000000002,17,1825.48
2023-02-01,Total,66665.08,102,653.58
2023-03-01,B2C,37637.340000000004,102,368.99
2023-03-01,SMB,10822.69,16,676.42
2023-03-01,Enterprise,23749.68,5,4749.94
2023-03-01,B2B,34572.369999999995,21,1646.3
2023-03-01,Total,72209.70999999999,123,587.07
2023-04-01,B2C,39862.86,108,369.1
2023-04-01,SMB,12655.96,13,973.54
2023-04-01,Enterprise,23051.28,4,5762.82
2023-04-01,B2B,35707.24,17,2100.43
2023-04-01,Total,75570.1,125,604.56
2023-05-01,B2C,41528.23,106,391.78
2023-05-01,SMB,12882.539999999999,21,613.45
2023-05-01,Enterprise,27406.850000000002,7,3915.26
2023-05-01,B2B,40289.39,28,1438.91
2023-05-01,Total,81817.62,134,610.58
2023-06-01,B2C,42979.979999999996,126,341.11
2023-06-01,SMB,14571.619999999999,17,857.15
2023-06-01,Enterprise,27283.199999999997,5,5456.64
2023-06-01,B2B,41854.82,22,1902.49
2023-06-01,Total,84834.8,148,573.21
2023-07-01,B2C,45244.56,118,383.43
2023-07-01,SMB,13606.24,21,647.92
2023-07-01,Enterprise,26597.15,7,3799.59
2023-07-01,B2B,40203.39,28,1435.84
2023-07-01,Total,85447.95,146,585.26
2023-08-01,B2C,51416.64000000001,131,392.49
2023-08-01,SMB,14846.45,21,706.97
2023-08-01,Enterprise,32119.18,5,6423.84
2023-08-01,B2B,46965.63,26,1806.37
2023-08-01,Total,98382.27000000002,157,626.64
2023-09-01,B2C,48319.66999999999,145,333.24
2023-09-01,SMB,16753.149999999998,23,728.4
2023-09-01,Enterprise,30716.579999999998,7,4388.08
2023-09-01,B2B,47469.729999999996,30,1582.32
2023-09-01,Total,95789.4,175,547.37
2023-10-01,B2C,48986.48,162,302.39
2023-10-01,SMB,15108.2,22,686.74
2023-10-01,Enterprise,31745.34,7,4535.05
2023-10-01,B2B,46853.54000000001,29,1615.64
2023-10-01,Total,95840.02,191,501.78
2023-11-01,B2C,55342.46000000001,152,364.1
2023-11-01,SMB,18279.44,24,761.64
2023-11-01,Enterprise,35397.29,9,3933.03
2023-11-01,B2B,53676.73,33,1626.57
2023-11-01,Total,109019.19,185,589.29
2023-12-01,B2C,57858.549999999996,162,357.15
2023-12-01,SMB,19742.97,28,705.11
2023-12-01,Enterprise,36395.06,10,3639.51
2023-12-01,B2B,56138.030000000006,38,1477.32
2023-12-01,Total,113996.57999999999,200,569.98
2024-01-01,B2C,57870.57,168,344.47
2024-01-01,SMB,18499.93,31,596.77
2024-01-01,Enterprise,34985.17,9,3887.24
2024-01-01,B2B,53485.1,40,1337.13
2024-01-01,Total,111355.67000000001,208,535.36
2024-02-01,B2C,58437.03999999999,189,309.19
2024-02-01,SMB,21676.160000000003,33,656.85
2024-02-01,Enterprise,35195.39,10,3519.54
2024-02-01,B2B,56871.55,43,1322.59
2024-02-01,Total,115308.59,232,497.02
2024-03-01,B2C,67535.4,185,365.06
2024-03-01,SMB,20436.190000000002,34,601.06
2024-03-01,Enterprise,36408.06,10,3640.81
2024-03-01,B2B,56844.25000000001,44,1291.91
2024-03-01,Total,124379.65,229,543.14
2024-04-01,B2C,66232.23000000001,196,337.92
2024-04-01,SMB,23719.879999999997,33,718.78
2024-04-01,Enterprise,38593.24,10,3859.32
2024-04-01,B2B,62313.119999999995,43,1449.14
2024-04-01,Total,128545.35,239,537.85
