month,segment,marketing_spend,new_users_acquired_marketing,new_paying_customers,cost_per_signup,signup_to_paid_conversion
2023-01-01,B2C,34910.39,883,90,39.54,0.1019
2023-01-01,SMB,9983.08,32,9,311.97,0.2813
2023-01-01,Enterprise,20783.48,3,2,6927.83,0.6667
2023-01-01,Total,65676.95,918,101,71.54,0.11
2023-02-01,B2C,35631.91,972,85,36.66,0.0874
2023-02-01,SMB,10224.53,29,15,352.57,0.5172
2023-02-01,Enterprise,20808.64,3,2,6936.21,0.6667
2023-02-01,Total,66665.08,1004,102,66.4,0.1016
2023-03-01,B2C,37637.340000000004,979,102,38.44,0.1042
2023-03-01,SMB,10822.69,33,16,327.96,0.4848
2023-03-01,Enterprise,23749.68,3,5,7916.56,1.6667
2023-03-01,Total,72209.70999999999,1015,123,71.14,0.1212
2023-04-01,B2C,39862.86,1089,108,36.61,0.0992
2023-04-01,SMB,12655.96,29,13,436.41,0.4483
2023-04-01,Enterprise,23051.28,4,4,5762.82,1.0
2023-04-01,Total,75570.1,1122,125,67.35,0.1114
2023-05-01,B2C,41528.23,1285,106,32.32,0.0825
2023-05-01,SMB,12882.539999999999,31,21,415.57,0.6774
2023-05-01,Enterprise,27406.850000000002,7,7,3915.26,1.0
2023-05-01,Total,81817.62,1323,134,61.84,0.1013
2023-06-01,B2C,42979.979999999996,1151,126,37.34,0.1095
2023-06-01,SMB,14571.619999999999,47,17,310.03,0.3617
2023-06-01,Enterprise,27283.199999999997,3,5,9094.4,1.6667
2023-06-01,Total,84834.8,1201,148,70.64,0.1232
2023-07-01,B2C,45244.56,1186,118,38.15,0.0995
2023-07-01,SMB,13606.24,34,21,400.18,0.6176
2023-07-01,Enterprise,26597.15,3,7,8865.72,2.3333
2023-07-01,Total,85447.95,1223,146,69.87,0.1194
2023-08-01,B2C,51416.64000000001,1476,131,34.84,0.0888
2023-08-01,SMB,14846.45,49,21,302.99,0.4286
2023-08-01,Enterprise,32119.18,7,5,4588.45,0.7143
2023-08-01,Total,98382.27000000002,1532,157,64.22,0.1025
2023-09-01,B2C,48319.66999999999,1329,145,36.36,0.1091
2023-09-01,SMB,16753.149999999998,38,23,440.87,0.6053
2023-09-01,Enterprise,30716.579999999998,4,7,7679.15,1.75
2023-09-01,Total,95789.4,1371,175,69.87,0.1276
2023-10-01,B2C,48986.48,1301,162,37.65,0.1245
2023-10-01,SMB,15108.2,40,22,377.71,0.55
2023-10-01,Enterprise,31745.34,6,7,5290.89,1.1667
2023-10-01,Total,95840.02,1347,191,71.15,0.1418
2023-11-01,B2C,55342.46000000001,1406,152,39.36,0.1081
2023-11-01,SMB,18279.44,45,24,406.21,0.5333
2023-11-01,Enterprise,35397.29,6,9,5899.55,1.5
2023-11-01,Total,109019.19,1457,185,74.82,0.127
2023-12-01,B2C,57858.549999999996,1771,162,32.67,0.0915
2023-12-01,SMB,19742.97,54,28,365.61,0.5185
2023-12-01,Enterprise,36395.06,6,10,6065.84,1.6667
2023-12-01,Total,113996.57999999999,1831,200,62.26,0.1092
2024-01-01,B2C,57870.57,1536,168,37.68,0.1094
2024-01-01,SMB,18499.93,42,31,440.47,0.7381
2024-01-01,Enterprise,34985.17,6,9,5830.86,1.5
2024-01-01,Total,111355.67000000001,1584,208,70.3,0.1313
2024-02-01,B2C,58437.03999999999,1517,189,38.52,0.1246
2024-02-01,SMB,21676.160000000003,71,33,305.3,0.4648
2024-02-01,Enterprise,35195.39,5,10,7039.08,2.0
2024-02-01,Total,115308.59,1593,232,72.38,0.1456
2024-03-01,B2C,67535.4,1906,185,35.43,0.0971
2024-03-01,SMB,20436.190000000002,55,34,371.57,0.6182
2024-03-01,Enterprise,36408.06,10,10,3640.81,1.0
2024-03-01,Total,124379.65,1971,229,63.1,0.1162
2024-04-01,B2C,66232.23000000001,1786,196,37.08,0.1097
2024-04-01,SMB,23719.879999999997,66,33,359.39,0.5
2024-04-01,Enterprise,38593.24,6,10,6432.21,1.6667
2024-04-01,Total,128545.35,1858,239,69.18,0.1286
