period,segment,channel,spend,new_users_acquired,cost_per_signup
T6M,B2C,Organic,33328.630000000005,2316,14.39
T6M,B2C,Content,53887.32,1858,29.0
T6M,B2C,Paid Search,164049.04,3735,43.92
T6M,B2C,Paid Social,112011.26000000001,2013,55.64
T6M,SMB,Content,23943.03,90,266.03
T6M,SMB,Paid Search,62361.31,163,382.58
T6M,SMB,Paid Social,36050.229999999996,80,450.63
T16M,B2C,Organic,72159.6,4987,14.47
T16M,B2C,Content,116712.75999999998,4039,28.9
T16M,B2C,Paid Search,345766.52,7746,44.64
T16M,B2C,Paid Social,255155.42999999996,4801,53.15
T16M,SMB,Content,51254.35999999999,189,271.19
T16M,SMB,Paid Search,124953.22,325,384.47
T16M,SMB,Paid Social,77601.45,181,428.74
