segment,k,exposed_n,active_n,logo_survival,mrr_at_k_sum,mrr_at_0_sum,dollar_retention,arpa_at_signup
B2C,0,2225,2222,0.9987,97916.0,97916.0,1.0,44.01
B2C,1,2029,1903,0.9379,83088.25,89115.25,0.9324,43.92
B2C,2,1844,1593,0.8639,68843.25,81093.25,0.8489,43.98
B2C,3,1655,1329,0.803,57041.25,72966.25,0.7817,44.09
B2C,4,1487,1136,0.764,48497.75,65696.75,0.7382,44.18
B2C,5,1325,949,0.7162,40169.5,58593.5,0.6856,44.22
B2C,6,1173,788,0.6718,33052.25,51917.25,0.6366,44.26
B2C,7,1011,627,0.6202,26029.5,44845.5,0.5804,44.36
B2C,8,866,507,0.5855,20811.0,38402.0,0.5419,44.34
B2C,9,735,418,0.5687,17032.75,32565.75,0.523,44.31
B2C,10,617,339,0.5494,13571.25,27193.25,0.4991,44.07
B2C,11,491,251,0.5112,9889.25,21649.25,0.4568,44.09
B2C,12,385,181,0.4701,7105.0,17038.0,0.417,44.25
B2C,13,277,126,0.4549,4945.5,12297.25,0.4022,44.39
B2C,14,175,76,0.4343,2873.5,7708.75,0.3728,44.05
B2C,15,90,38,0.4222,1421.0,3969.0,0.358,44.1
SMB,0,361,360,0.9972,62265.720000000016,62265.720000000016,1.0,172.48
SMB,1,328,317,0.9665,55288.61,56778.48000000001,0.9738,173.11
SMB,2,294,272,0.9252,47562.18000000001,50895.92000000001,0.9345,173.12
SMB,3,261,230,0.8812,40563.46,45261.44000000001,0.8962,173.42
SMB,4,230,193,0.8391,34032.5,39779.560000000005,0.8555,172.95
SMB,5,202,164,0.8119,28648.420000000006,35044.600000000006,0.8175,173.49
SMB,6,178,142,0.7978,24919.39,30808.480000000003,0.8088,173.08
SMB,7,156,126,0.8077,22556.270000000004,27068.52,0.8333,173.52
SMB,8,133,104,0.782,19029.300000000003,23227.72,0.8192,174.64
SMB,9,112,90,0.8036,16804.620000000006,19539.52,0.86,174.46
SMB,10,91,75,0.8242,13924.93,15753.160000000003,0.8839,173.11
SMB,11,74,60,0.8108,11136.4,12811.880000000001,0.8692,173.13
SMB,12,53,41,0.7736,8036.4,9221.84,0.8715,174.0
SMB,13,40,32,0.8,5878.34,6831.16,0.8605,170.78
SMB,14,24,20,0.8333,3409.0699999999997,3990.72,0.8542,166.28
SMB,15,9,7,0.7778,1339.02,1545.5999999999997,0.8663,171.73
Enterprise,0,109,109,1.0,92895.0,92895.0,1.0,852.25
Enterprise,1,99,99,1.0,84577.92,84480.0,1.0012,853.33
Enterprise,2,89,87,0.9775,74005.42,75735.0,0.9772,850.96
Enterprise,3,79,75,0.9494,63687.93000000001,67320.0,0.946,852.15
Enterprise,4,70,66,0.9429,56011.600000000006,59565.0,0.9403,850.93
Enterprise,5,60,56,0.9333,47761.600000000006,51315.0,0.9308,855.25
Enterprise,6,51,47,0.9216,39699.82000000001,43560.0,0.9114,854.12
Enterprise,7,44,40,0.9091,34072.04,37620.0,0.9057,855.0
Enterprise,8,37,33,0.8919,27888.850000000002,31680.0,0.8803,856.22
Enterprise,9,32,28,0.875,23295.08,27390.0,0.8505,855.94
Enterprise,10,25,20,0.8,16470.260000000002,21615.0,0.762,864.6
Enterprise,11,20,17,0.85,14025.0,16995.0,0.8252,849.75
Enterprise,12,13,9,0.6923,7339.99,11220.0,0.6542,863.08
Enterprise,13,9,6,0.6667,4864.99,7755.0,0.6273,861.67
Enterprise,14,4,3,0.75,2389.99,3465.0,0.6898,866.25
Enterprise,15,2,2,1.0,1692.63,1650.0,1.0258,825.0
B2B,0,470,469,0.9979,155160.71999999994,155160.71999999994,1.0,330.13
B2B,1,427,416,0.9742,139866.52999999994,141258.47999999995,0.9901,330.82
B2B,2,383,359,0.9373,121567.59999999996,126630.91999999995,0.96,330.63
B2B,3,340,305,0.8971,104251.38999999997,112581.43999999997,0.926,331.12
B2B,4,300,259,0.8633,90044.1,99344.55999999998,0.9064,331.15
B2B,5,262,220,0.8397,76410.02,86359.59999999999,0.8848,329.62
B2B,6,229,189,0.8253,64619.21000000001,74368.48000000001,0.8689,324.75
B2B,7,200,166,0.83,56628.31000000001,64688.520000000004,0.8754,323.44
B2B,8,170,137,0.8059,46918.15000000001,54907.72000000001,0.8545,322.99
B2B,9,144,118,0.8194,40099.700000000004,46929.520000000004,0.8545,325.9
B2B,10,116,95,0.819,30395.19,37368.16000000001,0.8134,322.14
B2B,11,94,77,0.8191,25161.4,29806.880000000005,0.8441,317.09
B2B,12,66,50,0.7576,15376.39,20441.84,0.7522,309.72
B2B,13,49,38,0.7755,10743.330000000002,14586.160000000002,0.7365,297.68
B2B,14,28,23,0.8214,5799.06,7455.720000000001,0.7778,266.28
B2B,15,11,9,0.8182,3031.65,3195.6,0.9487,290.51
Total,0,2695,2691,0.9985,253076.71999999986,253076.71999999986,1.0,93.91
Total,1,2456,2319,0.9442,222954.77999999988,230373.72999999986,0.9678,93.8
Total,2,2227,1952,0.8765,190410.84999999992,207724.16999999993,0.9167,93.28
Total,3,1995,1634,0.819,161292.63999999996,185547.68999999992,0.8693,93.01
Total,4,1787,1395,0.7806,138541.84999999998,165041.30999999994,0.8394,92.36
Total,5,1587,1169,0.7366,116579.51999999999,144953.09999999998,0.8043,91.34
Total,6,1402,977,0.6969,97671.45999999999,126285.72999999997,0.7734,90.08
Total,7,1211,793,0.6548,82657.81000000001,109534.01999999999,0.7546,90.45
Total,8,1036,644,0.6216,67729.15000000001,93309.72,0.7259,90.07
Total,9,879,536,0.6098,57132.45,79495.26999999999,0.7187,90.44
Total,10,733,434,0.5921,43966.43999999999,64561.41,0.681,88.08
Total,11,585,328,0.5607,35050.65,51456.130000000005,0.6812,87.96
Total,12,451,231,0.5122,22481.390000000003,37479.84,0.5998,83.1
Total,13,326,164,0.5031,15688.830000000002,26883.410000000003,0.5836,82.46
Total,14,203,99,0.4877,8672.560000000001,15164.470000000001,0.5719,74.7
Total,15,101,47,0.4653,4452.65,7164.6,0.6215,70.94
