scenario,month_index,month_end,segment,plan_type,opening_customers,opening_mrr,new_customers,new_mrr,expansion_mrr,contraction_mrr,churn_customers,churn_mrr,migration_out_customers,migration_out_mrr,migration_in_customers,migration_in_mrr,closing_customers,closing_mrr
base,1,2024-05-31,B2C,monthly,844.0,41356.0,118.16666666666667,5790.166666666667,0.0,0.0,89.26923076923077,4374.192307692308,0.0,0.0,0.0,0.0,872.8974358974359,42771.97435897436
base,1,2024-05-31,B2C,annual,692.0,23009.0,57.166666666666664,1900.7916666666665,0.0,0.0,1.9858479407717362,66.02944403066023,0.0,0.0,0.0,0.0,747.1808187258949,24843.762222636007
base,1,2024-05-31,SMB,monthly,113.0,25275.44000000001,14.333333333333334,2852.3333333333335,206.63484240549423,15.07764773798731,8.337864077669902,1864.9839223300976,0.0,0.0,0.0,0.0,118.99546925566342,26454.34660567075
base,1,2024-05-31,SMB,annual,190.0,28593.929999999866,16.166666666666668,2423.7066666666674,251.5947997451173,18.358267749551,0.5966165136697932,89.78742541430542,0.0,0.0,0.0,0.0,205.57005015299686,31161.085773247796
base,1,2024-05-31,Enterprise,monthly,12.0,12309.730000000001,1.5,1485.0,13.529832762948814,13.033742050767357,0.6923076923076923,710.1767307692309,0.0,0.0,0.0,0.0,12.807692307692308,13085.04935994295
base,1,2024-05-31,Enterprise,annual,90.0,74164.99,8.166666666666666,6737.499999999999,85.75056359117957,82.60639626056741,0.7867449859227049,648.3214890389728,0.0,0.0,0.0,0.0,97.37992168074396,80257.31267829164
base,2,2024-06-30,B2C,monthly,872.8974358974359,42771.97435897436,118.16666666666667,5790.166666666667,0.0,0.0,92.32569033530572,4523.95882642998,0.0,0.0,0.0,0.0,898.7384122287968,44038.18219921104
base,2,2024-06-30,B2C,annual,747.1808187258949,24843.762222636007,57.166666666666664,1900.7916666666665,0.0,0.0,2.1442015755071653,71.29470238561325,0.0,0.0,0.0,0.0,802.2032838170544,26673.25918691706
base,2,2024-06-30,SMB,monthly,118.99546925566342,26454.34660567075,14.333333333333334,2852.3333333333335,216.27278266186843,15.780905070650551,8.780248216922738,1951.9712058553175,0.0,0.0,0.0,0.0,124.54855437207401,27555.200610739987
base,2,2024-06-30,SMB,annual,205.57005015299686,31161.085773247796,16.166666666666668,2423.7066666666674,274.18291696736827,20.006468365559062,0.6455078244063448,97.84851766421312,0.0,0.0,0.0,0.0,221.09120899525718,33741.12037085206
base,2,2024-06-30,Enterprise,monthly,12.807692307692308,13085.04935994295,1.5,1485.0,14.3819994049389,13.85466278131648,0.7389053254437871,754.9066938428625,0.0,0.0,0.0,0.0,13.568786982248522,13815.670002723711
base,2,2024-06-30,Enterprise,annual,97.37992168074396,80257.31267829164,8.166666666666666,6737.499999999999,92.79458939422805,89.39214276050221,0.8512573901319002,701.5782037030742,0.0,0.0,0.0,0.0,104.69533095727873,86296.63692122228
base,3,2024-07-31,B2C,monthly,898.7384122287968,44038.18219921104,118.16666666666667,5790.166666666667,0.0,0.0,95.05887052419966,4657.8846556857825,0.0,0.0,0.0,0.0,921.8462083712639,45170.46421019192
base,3,2024-07-31,B2C,annual,802.2032838170544,26673.25918691706,57.166666666666664,1900.7916666666665,0.0,0.0,2.3021007792607255,76.54485091041913,0.0,0.0,0.0,0.0,857.0678497044603,28497.506002673308
base,3,2024-07-31,SMB,monthly,124.54855437207401,27555.200610739987,14.333333333333334,2852.3333333333335,225.2726178318571,16.437601409048078,9.189990419687014,2033.1992683652807,0.0,0.0,0.0,0.0,129.69189728572033,28583.169692130847
base,3,2024-07-31,SMB,annual,221.09120899525718,33741.12037085206,16.166666666666668,2423.7066666666674,296.8843535281951,21.662937621304057,0.6942456121778419,105.9500505419505,0.0,0.0,0.0,0.0,236.563630049746,36334.09840288367
base,3,2024-07-31,Enterprise,monthly,13.568786982248522,13815.670002723711,1.5,1485.0,15.185036929724731,14.62825578416628,0.7828146335912609,797.0578847725218,0.0,0.0,0.0,0.0,14.28597234865726,14504.168899096749
base,3,2024-07-31,Enterprise,annual,104.69533095727873,86296.63692122228,8.166666666666666,6737.499999999999,99.77733769017168,96.11885858096656,0.9152058520017465,754.3716266640423,0.0,0.0,0.0,0.0,111.94679177194365,92283.42377366744
base,4,2024-08-31,B2C,monthly,921.8462083712639,45170.46421019192,118.16666666666667,5790.166666666667,0.0,0.0,97.5029643469606,4777.645253001068,0.0,0.0,0.0,0.0,942.5099106909698,46182.98562385752
base,4,2024-08-31,B2C,annual,857.0678497044603,28497.506002673308,57.166666666666664,1900.7916666666665,0.0,0.0,2.4595468561232114,81.7799329660968,0.0,0.0,0.0,0.0,911.7749695150037,30316.51773637388
base,4,2024-08-31,SMB,monthly,129.69189728572033,28583.169692130847,14.333333333333334,2852.3333333333335,233.67659533456012,17.05081944579655,9.569499217198782,2109.049414176645,0.0,0.0,0.0,0.0,134.45573140185488,29543.079387176294
base,4,2024-08-31,SMB,annual,236.563630049746,36334.09840288367,16.166666666666668,2423.7066666666674,319.6996779244038,23.32771699863135,0.7428303590597378,114.09222692875608,0.0,0.0,0.0,0.0,251.98746635735293,38940.084803547354
base,4,2024-08-31,Enterprise,monthly,14.28597234865726,14504.168899096749,1.5,1485.0,15.94177772951498,15.3572495978051,0.8241907124225343,836.7789749478893,0.0,0.0,0.0,0.0,14.961781636234726,15152.974452280569
base,4,2024-08-31,Enterprise,annual,111.94679177194365,92283.42377366744,8.166666666666666,6737.499999999999,106.6993415453254,102.78705724263483,0.9785953012967754,806.7057881968112,0.0,0.0,0.0,0.0,119.13486313731354,98218.13026977333
base,5,2024-09-30,B2C,monthly,942.5099106909698,46182.98562385752,118.16666666666667,5790.166666666667,0.0,0.0,99.68854824616027,4884.738864061853,0.0,0.0,0.0,0.0,960.9880291114762,47088.413426462335
base,5,2024-09-30,B2C,annual,911.7749695150037,30316.51773637388,57.166666666666664,1900.7916666666665,0.0,0.0,2.6165411064430386,86.99999178923105,0.0,0.0,0.0,0.0,966.3250950752273,32130.309411251317
base,5,2024-09-30,SMB,monthly,134.45573140185488,29543.079387176294,14.333333333333334,2852.3333333333335,241.52416548800642,17.623437775771183,9.921005423826184,2179.8777023547555,0.0,0.0,0.0,0.0,138.86805931136203,30439.435745867104
base,5,2024-09-30,SMB,annual,251.98746635735293,38940.084803547354,16.166666666666668,2423.7066666666674,342.6294615048169,25.000848187491115,0.7912625456137273,122.27525072367638,0.0,0.0,0.0,0.0,267.36287047840585,41559.14483280767
base,5,2024-09-30,Enterprise,monthly,14.961781636234726,15152.974452280569,1.5,1485.0,16.654890903422903,16.04421545500126,0.8631797097827727,874.2100645546483,0.0,0.0,0.0,0.0,15.598601926451952,15764.37506317434
base,5,2024-09-30,Enterprise,annual,119.13486313731354,98218.13026977333,8.166666666666666,6737.499999999999,113.5611293887447,109.39724779895374,1.0414306246874347,858.5846835160803,0.0,0.0,0.0,0.0,126.26009917929278,104101.20946784705
base,6,2024-10-31,B2C,monthly,960.9880291114762,47088.413426462335,118.16666666666667,5790.166666666667,0.0,0.0,101.64296461755998,4980.505266260439,0.0,0.0,0.0,0.0,977.5117311605828,47898.074826868564
base,6,2024-10-31,B2C,annual,966.3250950752273,32130.309411251317,57.166666666666664,1900.7916666666665,0.0,0.0,2.773084826836983,92.20507049232971,0.0,0.0,0.0,0.0,1020.7186769150569,33938.896007425654
base,6,2024-10-31,SMB,monthly,138.86805931136203,30439.435745867104,14.333333333333334,2852.3333333333335,248.85216669855856,18.158144408931477,10.246575250158752,2246.0166181416503,0.0,0.0,0.0,0.0,142.95481739453663,31276.446483348413
base,6,2024-10-31,SMB,annual,267.36287047840585,41559.14483280767,16.166666666666668,2423.7066666666674,365.6742784845813,26.6823730869823,0.8395426508924998,130.49932684867218,0.0,0.0,0.0,0.0,282.68999449418004,44191.34407802327
base,6,2024-10-31,Enterprise,monthly,15.598601926451952,15764.37506317434,1.5,1485.0,17.326891671641008,16.691576351793557,0.8999193419106896,909.4831767215966,0.0,0.0,0.0,0.0,16.198682584541263,16340.527201772591
base,6,2024-10-31,Enterprise,annual,126.26009917929278,104101.20946784705,8.166666666666666,6737.499999999999,120.36322505256621,115.94993487500375,1.1037166661268003,910.0122730813098,0.0,0.0,0.0,0.0,133.32304917983265,109933.11048494329
base,7,2024-11-30,B2C,monthly,977.5117311605828,47898.074826868564,118.16666666666667,5790.166666666667,0.0,0.0,103.39066387275395,5066.142529764944,0.0,0.0,0.0,0.0,992.2877339544955,48622.09896377028
base,7,2024-11-30,B2C,annual,1020.7186769150569,33938.896007425654,57.166666666666664,1900.7916666666665,0.0,0.0,2.9291793102008916,97.39521206417969,0.0,0.0,0.0,0.0,1074.9561642715228,35742.29246202814
base,7,2024-11-30,SMB,monthly,142.95481739453663,31276.446483348413,14.333333333333334,2852.3333333333335,255.69499838936815,18.657449388494886,10.548122448528916,2307.7766337227954,0.0,0.0,0.0,0.0,146.74002827934106,32058.040731959823
base,7,2024-11-30,SMB,annual,282.68999449418004,44191.34407802327,16.166666666666668,2423.7066666666674,388.8347059595478,28.37233380640192,0.8876711524444775,138.76466125375,0.0,0.0,0.0,0.0,297.9689900084023,46836.74845558933
base,7,2024-11-30,Enterprise,monthly,16.198682584541263,16340.527201772591,1.5,1485.0,17.96015024686968,17.301615593636193,0.9345393798773807,942.722723179188,0.0,0.0,0.0,0.0,16.76414320466388,16883.463013246637
base,7,2024-11-30,Enterprise,annual,133.32304917983265,109933.11048494329,8.166666666666666,6737.499999999999,127.10614781199726,122.44561870602239,1.1654582272239948,960.9924828990652,0.0,0.0,0.0,0.0,140.3242576192753,115714.2785311502
base,8,2024-12-31,B2C,monthly,992.2877339544955,48622.09896377028,118.16666666666667,5790.166666666667,0.0,0.0,104.95351032211009,5142.722005783395,0.0,0.0,0.0,0.0,1005.500890299052,49269.54362465355
base,8,2024-12-31,B2C,annual,1074.9561642715228,35742.29246202814,57.166666666666664,1900.7916666666665,0.0,0.0,3.084825845720358,102.57045937020193,0.0,0.0,0.0,0.0,1129.0380050924691,37540.5136693246
base,8,2024-12-31,SMB,monthly,146.74002827934106,32058.040731959823,14.333333333333334,2852.3333333333335,262.08478247964945,19.123696573691255,10.827419562359147,2365.4476656591714,0.0,0.0,0.0,0.0,150.24594205031525,32787.88748553995
base,8,2024-12-31,SMB,annual,297.9689900084023,46836.74845558933,16.166666666666668,2423.7066666666674,412.1113239207233,30.070772666299536,0.935648526318539,147.07146092211988,0.0,0.0,0.0,0.0,313.20000814875044,49495.4242125883
base,8,2024-12-31,Enterprise,monthly,16.76414320466388,16883.463013246637,1.5,1485.0,18.556900194290115,17.876484848841365,0.9671621079613778,974.0459430719214,0.0,0.0,0.0,0.0,17.296981096702503,17395.097485520164
base,8,2024-12-31,Enterprise,annual,140.3242576192753,115714.2785311502,8.166666666666666,6737.499999999999,133.79041242495765,128.88479517559242,1.2266600676143418,1011.5292048227302,0.0,0.0,0.0,0.0,147.2642642183276,121445.15494357684
base,9,2025-01-31,B2C,monthly,1005.500890299052,49269.54362465355,118.16666666666667,5790.166666666667,0.0,0.0,106.35105570470742,5211.201729530663,0.0,0.0,0.0,0.0,1017.3165012610112,49848.508561789546
base,9,2025-01-31,B2C,annual,1129.0380050924691,37540.5136693246,57.166666666666664,1900.7916666666665,0.0,0.0,3.240025718881371,107.73085515280559,0.0,0.0,0.0,0.0,1182.9646460402546,39333.57448083846
base,9,2025-01-31,SMB,monthly,150.24594205031525,32787.88748553995,14.333333333333334,2852.3333333333335,268.05151417279467,19.55907464240914,11.086108345460154,2419.3004358262483,0.0,0.0,0.0,0.0,153.49316703818843,33469.41282257742
base,9,2025-01-31,SMB,annual,313.20000814875044,49495.4242125883,16.166666666666668,2423.7066666666674,435.50471526879466,31.777732199537102,0.9834752470687279,155.41993387537843,0.0,0.0,0.0,0.0,328.3831995683484,52167.437928448846
base,9,2025-01-31,Enterprise,monthly,17.296981096702503,17395.097485520164,1.5,1485.0,19.11924630956806,18.41821173772468,0.9979027555789906,1003.5633164723172,0.0,0.0,0.0,0.0,17.79907834112351,17877.23520361969
base,9,2025-01-31,Enterprise,annual,147.2642642183276,121445.15494357684,8.166666666666666,6737.499999999999,140.41652917137642,135.2679558534979,1.287326905326285,1061.6262968496121,0.0,0.0,0.0,0.0,154.14360397966797,127126.1772200451
base,10,2025-02-28,B2C,monthly,1017.3165012610112,49848.508561789546,118.16666666666667,5790.166666666667,0.0,0.0,107.60078378722234,5272.438405573894,0.0,0.0,0.0,0.0,1027.8823841404555,50366.23682288232
base,10,2025-02-28,B2C,annual,1182.9646460402546,39333.57448083846,57.166666666666664,1900.7916666666665,0.0,0.0,3.3947802114809327,112.876442031741,0.0,0.0,0.0,0.0,1236.7365324954403,41121.48970547339
base,10,2025-02-28,SMB,monthly,153.49316703818843,33469.41282257742,14.333333333333334,2852.3333333333335,273.623202761167,19.965627365383064,11.325709412526525,2469.587742248431,0.0,0.0,0.0,0.0,156.50079095899525,34105.81598905811
base,10,2025-02-28,SMB,annual,328.3831995683484,52167.437928448846,16.166666666666668,2423.7066666666674,459.0154658287261,33.49325515235403,1.0311517877589471,163.81028917871836,0.0,0.0,0.0,0.0,343.5187144472561,54852.85651661317
base,10,2025-02-28,Enterprise,monthly,17.79907834112351,17877.23520361969,1.5,1485.0,19.649172042674824,18.928706984221133,1.0268699042955873,1031.3789540549824,0.0,0.0,0.0,0.0,18.272208436827924,18331.57671462316
base,10,2025-02-28,Enterprise,annual,154.14360397966797,127126.1772200451,8.166666666666666,6737.499999999999,146.98500389214695,141.59558803325075,1.3474634171450988,1111.287583415463,0.0,0.0,0.0,0.0,160.96280722918954,132757.7790524885
base,11,2025-03-31,B2C,monthly,1027.8823841404555,50366.23682288232,118.16666666666667,5790.166666666667,0.0,0.0,108.71832909177895,5327.198125497169,0.0,0.0,0.0,0.0,1037.3307217153433,50829.20536405181
base,11,2025-03-31,B2C,annual,1236.7365324954403,41121.48970547339,57.166666666666664,1900.7916666666665,0.0,0.0,3.549090601637641,118.00726250445156,0.0,0.0,0.0,0.0,1290.3541085604695,42904.274109635604
base,11,2025-03-31,SMB,monthly,156.50079095899525,34105.81598905811,14.333333333333334,2852.3333333333335,278.8260031085435,20.34526320015134,11.547631177556932,2516.545645794579,0.0,0.0,0.0,0.0,159.28649311477167,34700.084416505255
base,11,2025-03-31,SMB,annual,343.5187144472561,54852.85651661317,16.166666666666668,2423.7066666666674,482.6441643644301,35.217384485437734,1.0786786199676377,172.24273694616392,0.0,0.0,0.0,0.0,358.60670249395514,57551.747226212654
base,11,2025-03-31,Enterprise,monthly,18.272208436827924,18331.57671462316,1.5,1485.0,20.1485464937101,19.409771155196058,1.0541658713554571,1057.5909643051823,0.0,0.0,0.0,0.0,18.718042565472466,18759.724525656493
base,11,2025-03-31,Enterprise,annual,160.96280722918954,132757.7790524885,8.166666666666666,6737.499999999999,153.49633802774304,147.86817476929102,1.4070742389734199,1160.5168556864405,0.0,0.0,0.0,0.0,167.72239965688277,138340.3903600605
base,12,2025-04-30,B2C,monthly,1037.3307217153433,50829.20536405181,118.16666666666667,5790.166666666667,0.0,0.0,109.71767248912285,5376.165951967018,0.0,0.0,0.0,0.0,1045.7797158928872,51243.20607875146
base,12,2025-04-30,B2C,annual,1290.3541085604695,42904.274109635604,57.166666666666664,1900.7916666666665,0.0,0.0,3.702958163802251,123.12335894642482,0.0,0.0,0.0,0.0,1343.817817063334,44681.942417355844
base,12,2025-04-30,SMB,monthly,159.28649311477167,34700.084416505255,14.333333333333334,2852.3333333333335,283.68433842741837,20.699764249820735,11.753178132740434,2560.3945783052422,0.0,0.0,0.0,0.0,161.86664831536459,35255.007745710944
base,12,2025-04-30,SMB,annual,358.60670249395514,57551.747226212654,16.166666666666668,2423.7066666666674,506.3914025935103,36.95016337499938,1.1260562137924435,180.71748834583255,0.0,0.0,0.0,0.0,373.6473129468294,60264.177643751995
base,12,2025-04-30,Enterprise,monthly,18.718042565472466,18759.724525656493,1.5,1485.0,20.619131005401552,19.863101011221264,1.07988707108495,1082.2917995571054,0.0,0.0,0.0,0.0,19.138155494387515,19163.18875609357
base,12,2025-04-30,Enterprise,annual,167.72239965688277,138340.3903600605,8.166666666666666,6737.499999999999,159.95102865649915,154.0861949138635,1.466163966188628,1209.3178718485256,0.0,0.0,0.0,0.0,174.4229023573608,143874.4373219546
base,1,2024-05-31,B2C,ALL,1536.0,64365.0,175.33333333333334,7690.958333333334,0.0,0.0,91.25507871000251,4440.221751722968,0.0,0.0,0.0,0.0,1620.0782546233308,67615.73658161037
base,1,2024-05-31,Enterprise,ALL,102.0,86474.72,9.666666666666666,8222.5,99.28039635412838,95.64013831133477,1.4790526782303972,1358.4982198082037,0.0,0.0,0.0,0.0,110.18761398843627,93342.36203823458
base,1,2024-05-31,SMB,ALL,303.0,53869.36999999988,30.5,5276.040000000001,458.22964215061154,33.43591548753831,8.934480591339696,1954.771347744403,0.0,0.0,0.0,0.0,324.5655194086603,57615.432378918544
base,2,2024-06-30,B2C,ALL,1620.0782546233308,67615.73658161037,175.33333333333334,7690.958333333334,0.0,0.0,94.46989191081289,4595.253528815593,0.0,0.0,0.0,0.0,1700.9416960458511,70711.4413861281
base,2,2024-06-30,Enterprise,ALL,110.18761398843627,93342.36203823458,9.666666666666666,8222.5,107.17658879916695,103.24680554181869,1.5901627155756872,1456.4848975459367,0.0,0.0,0.0,0.0,118.26411793952725,100112.30692394599
base,2,2024-06-30,SMB,ALL,324.5655194086603,57615.432378918544,30.5,5276.040000000001,490.45569962923673,35.78737343620961,9.425756041329082,2049.8197235195307,0.0,0.0,0.0,0.0,345.63976336733117,61296.32098159205
base,3,2024-07-31,B2C,ALL,1700.9416960458511,70711.4413861281,175.33333333333334,7690.958333333334,0.0,0.0,97.36097130346039,4734.4295065962015,0.0,0.0,0.0,0.0,1778.9140580757241,73667.97021286523
base,3,2024-07-31,Enterprise,ALL,118.26411793952725,100112.30692394599,9.666666666666666,8222.5,114.96237461989641,110.74711436513284,1.6980204855930074,1551.429511436564,0.0,0.0,0.0,0.0,126.2327641206009,106787.59267276419
base,3,2024-07-31,SMB,ALL,345.63976336733117,61296.32098159205,30.5,5276.040000000001,522.1569713600522,38.10053903035214,9.884236031864855,2139.149318907231,0.0,0.0,0.0,0.0,366.25552733546635,64917.268095014515
base,4,2024-08-31,B2C,ALL,1778.9140580757241,73667.97021286523,175.33333333333334,7690.958333333334,0.0,0.0,99.9625112030838,4859.425185967165,0.0,0.0,0.0,0.0,1854.2848802059734,76499.5033602314
base,4,2024-08-31,Enterprise,ALL,126.2327641206009,106787.59267276419,9.666666666666666,8222.5,122.64111927484038,118.14430684043992,1.8027860137193097,1643.4847631447005,0.0,0.0,0.0,0.0,134.09664477354826,113371.1047220539
base,4,2024-08-31,SMB,ALL,366.25552733546635,64917.268095014515,30.5,5276.040000000001,553.3762732589639,40.378536444427894,10.31232957625852,2223.141641105401,0.0,0.0,0.0,0.0,386.4431977592078,68483.16419072365
base,5,2024-09-30,B2C,ALL,1854.2848802059734,76499.5033602314,175.33333333333334,7690.958333333334,0.0,0.0,102.3050893526033,4971.738855851084,0.0,0.0,0.0,0.0,1927.3131241867036,79218.72283771365
base,5,2024-09-30,Enterprise,ALL,134.09664477354826,113371.1047220539,9.666666666666666,8222.5,130.2160202921676,125.441463253955,1.9046103344702074,1732.7947480707285,0.0,0.0,0.0,0.0,141.85870110574473,119865.58453102139
base,5,2024-09-30,SMB,ALL,386.4431977592078,68483.16419072365,30.5,5276.040000000001,584.1536269928233,42.624285963262295,10.712267969439912,2302.152953078432,0.0,0.0,0.0,0.0,406.23092978976786,71998.58057867478
base,6,2024-10-31,B2C,ALL,1927.3131241867036,79218.72283771365,175.33333333333334,7690.958333333334,0.0,0.0,104.41604944439696,5072.710336752769,0.0,0.0,0.0,0.0,1998.2304080756398,81836.97083429422
base,6,2024-10-31,Enterprise,ALL,141.85870110574473,119865.58453102139,9.666666666666666,8222.5,137.6901167242072,132.64151122679732,2.00363600803749,1819.4954498029065,0.0,0.0,0.0,0.0,149.52173176437392,126273.63768671588
base,6,2024-10-31,SMB,ALL,406.23092978976786,71998.58057867478,30.5,5276.040000000001,614.5264451831399,44.84051749591377,11.086117901051253,2376.5159449903226,0.0,0.0,0.0,0.0,425.6448118887167,75467.79056137169
base,7,2024-11-30,B2C,ALL,1998.2304080756398,81836.97083429422,175.33333333333334,7690.958333333334,0.0,0.0,106.31984318295484,5163.537741829124,0.0,0.0,0.0,0.0,2067.2438982260182,84364.39142579841
base,7,2024-11-30,Enterprise,ALL,149.52173176437392,126273.63768671588,9.666666666666666,8222.5,145.06629805886695,139.74723429965857,2.0999976071013755,1903.7152060782532,0.0,0.0,0.0,0.0,157.0884008239392,132597.74154439682
base,7,2024-11-30,SMB,ALL,425.6448118887167,75467.79056137169,30.5,5276.040000000001,644.529704348916,47.02978319489681,11.435793600973394,2446.5412949765455,0.0,0.0,0.0,0.0,444.70901828774333,78894.78918754915
base,8,2024-12-31,B2C,ALL,2067.2438982260182,84364.39142579841,175.33333333333334,7690.958333333334,0.0,0.0,108.03833616783045,5245.292465153597,0.0,0.0,0.0,0.0,2134.5388953915212,86810.05729397814
base,8,2024-12-31,Enterprise,ALL,157.0884008239392,132597.74154439682,9.666666666666666,8222.5,152.34731261924776,146.76128002443377,2.1938221755757197,1985.5751478946518,0.0,0.0,0.0,0.0,164.5612453150301,138840.25242909702
base,8,2024-12-31,SMB,ALL,444.70901828774333,78894.78918754915,30.5,5276.040000000001,674.1961064003727,49.194469239990795,11.763068088677686,2512.5191265812914,0.0,0.0,0.0,0.0,463.4459501990657,82283.31169812825
base,9,2025-01-31,B2C,ALL,2134.5388953915212,86810.05729397814,175.33333333333334,7690.958333333334,0.0,0.0,109.59108142358879,5318.932584683469,0.0,0.0,0.0,0.0,2200.2811473012657,89182.08304262802
base,9,2025-01-31,Enterprise,ALL,164.5612453150301,138840.25242909702,9.666666666666666,8222.5,159.5357754809445,153.68616759122258,2.2852296609052756,2065.1896133219293,0.0,0.0,0.0,0.0,171.94268232079148,145003.4124236648
base,9,2025-01-31,SMB,ALL,463.4459501990657,82283.31169812825,30.5,5276.040000000001,703.5562294415893,51.33680684194624,12.069583592528883,2574.7203697016266,0.0,0.0,0.0,0.0,481.87636660653686,85636.85075102627
base,10,2025-02-28,B2C,ALL,2200.2811473012657,89182.08304262802,175.33333333333334,7690.958333333334,0.0,0.0,110.99556399870328,5385.314847605635,0.0,0.0,0.0,0.0,2264.618916635896,91487.7265283557
base,10,2025-02-28,Enterprise,ALL,171.94268232079148,145003.4124236648,9.666666666666666,8222.5,166.63417593482177,160.52429501747187,2.374333321440686,2142.6665374704453,0.0,0.0,0.0,0.0,179.23501566601746,151089.35576711167
base,10,2025-02-28,SMB,ALL,481.87636660653686,85636.85075102627,30.5,5276.040000000001,732.6386685898931,53.458882517737095,12.356861200285472,2633.3980314271494,0.0,0.0,0.0,0.0,500.01950540625137,88958.67250567127
base,11,2025-03-31,B2C,ALL,2264.618916635896,91487.7265283557,175.33333333333334,7690.958333333334,0.0,0.0,112.2674196934166,5445.20538800162,0.0,0.0,0.0,0.0,2327.6848302758126,93733.47947368742
base,11,2025-03-31,Enterprise,ALL,179.23501566601746,151089.35576711167,9.666666666666666,8222.5,173.64488452145315,167.27794592448708,2.461240110328877,2218.107819991623,0.0,0.0,0.0,0.0,186.44044222235524,157100.114885717
base,11,2025-03-31,SMB,ALL,500.01950540625137,88958.67250567127,30.5,5276.040000000001,761.4701674729736,55.56264768558907,12.62630979752457,2688.7883827407427,0.0,0.0,0.0,0.0,517.8931956087268,92251.83164271791
base,12,2025-04-30,B2C,ALL,2327.6848302758126,93733.47947368742,175.33333333333334,7690.958333333334,0.0,0.0,113.4206306529251,5499.289310913443,0.0,0.0,0.0,0.0,2389.597532956221,95925.1484961073
base,12,2025-04-30,Enterprise,ALL,186.44044222235524,157100.114885717,9.666666666666666,8222.5,180.5701596619007,173.94929592508475,2.5460510372735783,2291.609671405631,0.0,0.0,0.0,0.0,193.56105785174833,163037.62607804817
base,12,2025-04-30,SMB,ALL,517.8931956087268,92251.83164271791,30.5,5276.040000000001,790.0757410209287,57.64992762482011,12.879234346532877,2741.1120666510747,0.0,0.0,0.0,0.0,535.513961262194,95519.18538946295
base,1,2024-05-31,B2B,ALL,405.0,140344.08999999988,40.16666666666667,13498.54,557.5100385047399,129.0760537988731,10.413533269570092,3313.2695675526065,0.0,0.0,0.0,0.0,434.7531333970965,150957.79441715314
base,2,2024-06-30,B2B,ALL,434.7531333970965,150957.79441715314,40.16666666666667,13498.54,597.6322884284036,139.0341789780283,11.01591875690477,3506.3046210654675,0.0,0.0,0.0,0.0,463.90388130685847,161408.62790553804
base,3,2024-07-31,B2B,ALL,463.90388130685847,161408.62790553804,40.16666666666667,13498.54,637.1193459799487,148.84765339548497,11.582256517457862,3690.5788303437953,0.0,0.0,0.0,0.0,492.48829145606726,171704.8607677787
base,4,2024-08-31,B2B,ALL,492.48829145606726,171704.8607677787,40.16666666666667,13498.54,676.0173925338042,158.52284328486783,12.11511558997783,3866.6264042501016,0.0,0.0,0.0,0.0,520.5398425327561,181854.26891277754
base,5,2024-09-30,B2B,ALL,520.5398425327561,181854.26891277754,40.16666666666667,13498.54,714.369647284991,168.0657492172173,12.616878303910118,4034.9477011491604,0.0,0.0,0.0,0.0,548.0896308955125,191864.16510969616
base,6,2024-10-31,B2B,ALL,548.0896308955125,191864.16510969616,40.16666666666667,13498.54,752.2165619073471,177.48202872271108,13.089753909088742,4196.011394793229,0.0,0.0,0.0,0.0,575.1665436530906,201741.42824808756
base,7,2024-11-30,B2B,ALL,575.1665436530906,201741.42824808756,40.16666666666667,13498.54,789.5960024077829,186.77701749455537,13.53579120807477,4350.256501054799,0.0,0.0,0.0,0.0,601.7974191116825,211492.530731946
base,8,2024-12-31,B2B,ALL,601.7974191116825,211492.530731946,40.16666666666667,13498.54,826.5434190196205,195.95574926442458,13.956890264253406,4498.094274475943,0.0,0.0,0.0,0.0,628.0071955140958,221123.56412722525
base,9,2025-01-31,B2B,ALL,628.0071955140958,221123.56412722525,40.16666666666667,13498.54,863.0920049225338,205.02297443316883,14.354813253434157,4639.9099830235555,0.0,0.0,0.0,0.0,653.8190489273283,230640.26317469106
base,10,2025-02-28,B2B,ALL,653.8190489273283,230640.26317469106,40.16666666666667,13498.54,899.2728445247149,213.983177535209,14.731194521726158,4776.064568897595,0.0,0.0,0.0,0.0,679.2545210722689,240048.02827278295
base,11,2025-03-31,B2B,ALL,679.2545210722689,240048.02827278295,40.16666666666667,13498.54,935.1150519944267,222.84059361007616,15.087549907853447,4906.896202732365,0.0,0.0,0.0,0.0,704.3336378310821,249351.9465284349
base,12,2025-04-30,B2B,ALL,704.3336378310821,249351.9465284349,40.16666666666667,13498.54,970.6459006828294,231.59922354990488,15.425285383806456,5032.721738056705,0.0,0.0,0.0,0.0,729.0750191139423,258556.8114675111
base,1,2024-05-31,Total,ALL,1941.0,204709.08999999988,215.5,21189.498333333333,557.5100385047399,129.0760537988731,101.6686119795726,7753.491319275575,0.0,0.0,0.0,0.0,2054.8313880204273,218573.5309987635
base,2,2024-06-30,Total,ALL,2054.8313880204273,218573.5309987635,215.5,21189.498333333333,597.6322884284036,139.0341789780283,105.48581066771766,8101.558149881061,0.0,0.0,0.0,0.0,2164.84557735271,232120.06929166615
base,3,2024-07-31,Total,ALL,2164.84557735271,232120.06929166615,215.5,21189.498333333333,637.1193459799487,148.84765339548497,108.94322782091825,8425.008336939996,0.0,0.0,0.0,0.0,2271.4023495317915,245372.83098064392
base,4,2024-08-31,Total,ALL,2271.4023495317915,245372.83098064392,215.5,21189.498333333333,676.0173925338042,158.52284328486783,112.07762679306164,8726.051590217266,0.0,0.0,0.0,0.0,2374.8247227387296,258353.77227300894
base,5,2024-09-30,Total,ALL,2374.8247227387296,258353.77227300894,215.5,21189.498333333333,714.369647284991,168.0657492172173,114.92196765651343,9006.686557000245,0.0,0.0,0.0,0.0,2475.402755082216,271082.8879474098
base,6,2024-10-31,Total,ALL,2475.402755082216,271082.8879474098,215.5,21189.498333333333,752.2165619073471,177.48202872271108,117.5058033534857,9268.721731545998,0.0,0.0,0.0,0.0,2573.3969517287305,283578.3990823818
base,7,2024-11-30,Total,ALL,2573.3969517287305,283578.3990823818,215.5,21189.498333333333,789.5960024077829,186.77701749455537,119.85563439102961,9513.794242883921,0.0,0.0,0.0,0.0,2669.041317337701,295856.9221577444
base,8,2024-12-31,Total,ALL,2669.041317337701,295856.9221577444,215.5,21189.498333333333,826.5434190196205,195.95574926442458,121.99522643208385,9743.386739629539,0.0,0.0,0.0,0.0,2762.546090905617,307933.62142120337
base,9,2025-01-31,Total,ALL,2762.546090905617,307933.62142120337,215.5,21189.498333333333,863.0920049225338,205.02297443316883,123.94589467702295,9958.842567707025,0.0,0.0,0.0,0.0,2854.100196228594,319822.346217319
base,10,2025-02-28,Total,ALL,2854.100196228594,319822.346217319,215.5,21189.498333333333,899.2728445247149,213.983177535209,125.72675852042943,10161.37941650323,0.0,0.0,0.0,0.0,2943.8734377081646,331535.75480113865
base,11,2025-03-31,Total,ALL,2943.8734377081646,331535.75480113865,215.5,21189.498333333333,935.1150519944267,222.84059361007616,127.35496960127004,10352.101590733986,0.0,0.0,0.0,0.0,3032.018468106895,343085.42600212235
base,12,2025-04-30,Total,ALL,3032.018468106895,343085.42600212235,215.5,21189.498333333333,970.6459006828294,231.59922354990488,128.84591603673155,10532.01104897015,0.0,0.0,0.0,0.0,3118.6725520701634,354481.9599636184
bull,1,2024-05-31,B2C,monthly,844.0,41356.0,139.05925221799748,6813.903358681877,0.0,0.0,71.41538461538462,3499.3538461538465,30.903384615384617,1514.2658461538463,0.0,0.0,880.7404829872282,43156.283666374184
bull,1,2024-05-31,B2C,annual,692.0,23009.0,67.27408111533587,2236.863197084918,0.0,0.0,1.9858479407717362,66.02944403066023,0.0,0.0,30.903384615384617,1027.5375384615386,788.1916177899489,26207.371291515796
bull,1,2024-05-31,SMB,monthly,113.0,25275.44000000001,17.387978142076502,3460.207650273224,293.8979926238648,15.317878603414362,6.6702912621359225,1491.9871378640782,0.0,0.0,0.0,0.0,123.71768687994059,27522.240626429604
bull,1,2024-05-31,SMB,annual,190.0,28593.929999999866,19.612021857923498,2940.234316939892,352.2327196431642,18.358267749551,0.5966165136697932,89.78742541430542,0.0,0.0,0.0,0.0,209.0154053442537,31778.251343419066
bull,1,2024-05-31,Enterprise,monthly,12.0,12309.730000000001,1.5931034482758621,1577.1724137931035,13.695504184535944,6.596669446102662,0.5538461538461539,568.1413846153847,0.0,0.0,0.0,0.0,13.039257294429708,13325.859863916154
bull,1,2024-05-31,Enterprise,annual,90.0,74164.99,8.673563218390806,7155.689655172415,85.75056359117957,41.303198130283704,0.7867449859227049,648.3214890389728,0.0,0.0,0.0,0.0,97.8868182324681,80716.80553159435
bull,2,2024-06-30,B2C,monthly,880.7404829872282,43156.283666374184,145.02856237552055,7106.399556400507,0.0,0.0,74.52419471430393,3651.6855410008925,32.24865153091697,1580.1839250149317,0.0,0.0,918.9961991175279,45030.813756758864
bull,2,2024-06-30,B2C,annual,788.1916177899489,26207.371291515796,70.16191381495564,2332.883634347275,0.0,0.0,2.2618911865920714,75.20788195418636,0.0,0.0,32.24865153091697,1072.2676634029895,888.3402919492294,29537.314707311874
bull,2,2024-06-30,SMB,monthly,123.71768687994059,27522.240626429604,18.26073380171741,3633.8860265417647,320.0233615168969,16.679525294499616,7.302946953689697,1624.613815618369,0.0,0.0,0.0,0.0,134.6754737279683,29834.856673575396
bull,2,2024-06-30,SMB,annual,209.0154053442537,31778.251343419066,20.596409055425454,3087.813645589385,391.4586031439745,20.402709483272105,0.65632653915667,99.78647119491109,0.0,0.0,0.0,0.0,228.95548786052248,35137.33441147424
bull,2,2024-06-30,Enterprise,monthly,13.039257294429708,13325.859863916154,1.619704433497537,1603.5073891625616,14.826025390386569,7.141203958766071,0.601811875127525,615.0396860268994,0.0,0.0,0.0,0.0,14.05714985279972,14322.012388483436
bull,2,2024-06-30,Enterprise,annual,97.8868182324681,80716.80553159435,8.818390804597701,7275.172413793103,93.3258612401061,44.951967381307824,0.8556884825813499,705.5949114631101,0.0,0.0,0.0,0.0,105.84952055448444,87334.75692778315
bull,3,2024-07-31,B2C,monthly,918.9961991175279,45030.813756758864,150.99787253304362,7398.895754119138,0.0,0.0,77.7612168484062,3810.2996255719036,33.64939929076487,1648.8205652474783,0.0,0.0,958.5834555114004,46970.589320058614
bull,3,2024-07-31,B2C,annual,888.3402919492294,29537.314707311874,73.0497465145754,2428.904071609632,0.0,0.0,2.54929008594211,84.76389535757515,0.0,0.0,33.64939929076487,1118.8425264179318,992.4901476686276,33000.29740998187
bull,3,2024-07-31,SMB,monthly,134.6754737279683,29834.856673575396,19.133489461358316,3807.5644028103047,346.9140195614605,18.081058635422156,7.949775536563566,1761.1255201489166,0.0,0.0,0.0,0.0,145.85918765276304,32210.128517162822
bull,3,2024-07-31,SMB,annual,228.95548786052248,35137.33441147424,21.580796252927403,3235.3929742388773,432.837279127597,22.55935414024442,0.7189401313311136,110.33428398012325,0.0,0.0,0.0,0.0,249.81734398211876,38672.67102672035
bull,3,2024-07-31,Enterprise,monthly,14.05714985279972,14322.012388483436,1.646305418719212,1629.84236453202,15.934320297638575,7.675032801679036,0.6487915316676794,661.0159563915433,0.0,0.0,0.0,0.0,15.054663739851252,15299.09808411987
bull,3,2024-07-31,Enterprise,annual,105.84952055448444,87334.75692778315,8.963218390804599,7394.655172413794,100.97762606933648,48.637568333096176,0.925295328428477,763.4464678856845,0.0,0.0,0.0,0.0,113.88744361686057,94018.30569004749
bull,4,2024-08-31,B2C,monthly,958.5834555114004,46970.589320058614,156.96718269056672,7691.391951837769,0.0,0.0,81.11090777404158,3974.434480928037,35.09890190949435,1719.846193565223,0.0,0.0,999.3408285184312,48967.70059740312
bull,4,2024-08-31,B2C,annual,992.4901476686276,33000.29740998187,75.93757921419518,2524.92450887199,0.0,0.0,2.8481712658728044,94.70169459027075,0.0,0.0,35.09890190949435,1167.038488490687,1100.6784575264444,36597.558712754275
bull,4,2024-08-31,SMB,monthly,145.85918765276304,32210.128517162822,20.006245120999218,3981.2427790788443,374.5332272494901,19.520563773618775,8.609940397366984,1901.3357415956307,0.0,0.0,0.0,0.0,157.25549237639527,34645.048218121905
bull,4,2024-08-31,SMB,annual,249.81734398211876,38672.67102672035,22.565183450429352,3382.9723028883695,476.38712452633035,24.829159520878694,0.7844481727413641,121.43554822242484,0.0,0.0,0.0,0.0,271.59807925980675,42385.76574639174
bull,4,2024-08-31,Enterprise,monthly,15.054663739851252,15299.09808411987,1.672906403940887,1656.177339901478,17.02140191788849,8.198643908878692,0.6948306341469809,706.1122192670709,0.0,0.0,0.0,0.0,16.032739509645157,16257.985962763289
bull,4,2024-08-31,Enterprise,annual,113.88744361686057,94018.30569004749,9.108045977011495,7514.137931034483,108.70523545960671,52.359701090630644,0.9955597247235535,821.8714509621442,0.0,0.0,0.0,0.0,121.99992986914852,100766.91770448879
bull,5,2024-09-30,B2C,monthly,999.3408285184312,48967.70059740312,162.9364928480898,7983.888149556401,0.0,0.0,84.55960856694418,4143.4208197802645,36.59124879805948,1792.9711911049144,0.0,0.0,1041.1264640015172,51015.19673607434
bull,5,2024-09-30,B2C,annual,1100.6784575264444,36597.558712754275,78.82541191381495,2620.944946134347,0.0,0.0,3.1586416883391624,105.02483613727715,0.0,0.0,36.59124879805948,1216.6590225354778,1212.9364765499795,40330.13784528682
bull,5,2024-09-30,SMB,monthly,157.25549237639527,34645.048218121905,20.879000780640126,4154.921155347385,402.84600883953067,20.99621778353327,9.282654307266828,2045.0669239435067,0.0,0.0,0.0,0.0,168.85183884976857,37136.75224058178
bull,5,2024-09-30,SMB,annual,271.59807925980675,42385.76574639174,23.549570647931308,3530.5516315378627,522.1266731439052,27.213091601679473,0.852841574565253,133.09498836229886,0.0,0.0,0.0,0.0,294.2948083331728,46278.135971109536
bull,5,2024-09-30,Enterprise,monthly,16.032739509645157,16257.985962763289,1.6995073891625618,1682.5123152709361,18.088237092539906,8.712502975753859,0.7399725927528534,750.3685828967672,0.0,0.0,0.0,0.0,16.992274306054867,17199.505429254245
bull,5,2024-09-30,Enterprise,annual,121.99992986914852,100766.91770448879,9.252873563218392,7633.620689655173,116.50807186121004,56.11806820073047,1.0664759234163803,880.8651916765822,0.0,0.0,0.0,0.0,130.18632750895054,107580.06320612787
bull,6,2024-10-31,B2C,monthly,1041.1264640015172,51015.19673607434,168.90580300561288,8276.38434727503,0.0,0.0,88.09531618474377,4316.670493052444,38.121245912670936,1867.9410497208755,0.0,0.0,1083.8157049097154,53106.96954057605
bull,6,2024-10-31,B2C,annual,1212.9364765499795,40330.13784528682,81.71324461343471,2716.965383396704,0.0,0.0,3.480791046594945,115.73630229928196,0.0,0.0,38.121245912670936,1267.5314265963086,1329.29017602949,44198.898352980556
bull,6,2024-10-31,SMB,monthly,168.85183884976857,37136.75224058178,21.75175644028103,4328.599531615925,431.8190676829679,22.506285253443966,9.967176506860126,2192.150035172206,0.0,0.0,0.0,0.0,180.6364187831895,39682.51451945502
bull,6,2024-10-31,SMB,annual,294.2948083331728,46278.135971109536,24.533957845433257,3678.130960187355,570.0746169945907,29.712124605038913,0.9241112765203029,145.31736916957905,0.0,0.0,0.0,0.0,317.9046549020857,50351.31205451687
bull,6,2024-10-31,Enterprise,monthly,16.992274306054867,17199.505429254245,1.7261083743842367,1708.8472906403942,19.135748597109778,9.21705447261949,0.7842588141256093,793.8233275040421,0.0,0.0,0.0,0.0,17.93412386631349,18124.448086515087
bull,6,2024-10-31,Enterprise,annual,130.18632750895054,107580.06320612787,9.39770114942529,7753.103448275864,124.38552275271911,59.91237463217002,1.1380382267039773,940.4230590296531,0.0,0.0,0.0,0.0,138.44599043167187,114457.21674349465
bull,7,2024-11-30,B2C,monthly,1083.8157049097154,53106.96954057605,174.87511316313598,8568.880544993663,0.0,0.0,91.70748272312977,4493.666653433359,39.68432888746343,1944.5321154857081,0.0,0.0,1127.2990064622581,55237.65131665065
bull,7,2024-11-30,B2C,annual,1329.29017602949,44198.898352980556,84.6010773130545,2812.985820659062,0.0,0.0,3.81469387103506,126.83857121191578,0.0,0.0,39.68432888746343,1319.503935508159,1449.7608883589728,48204.54953793587
bull,7,2024-11-30,SMB,monthly,180.6364187831895,39682.51451945502,22.624512099921937,4502.277907884465,461.4207056152215,24.049114084155985,10.662809963124197,2342.424158041617,0.0,0.0,0.0,0.0,192.59812091998722,42279.73986082894
bull,7,2024-11-30,SMB,annual,317.9046549020857,50351.31205451687,25.518345042935206,3825.710288836847,620.2498076537292,32.32724106962631,0.9982482467741111,158.10749608771414,0.0,0.0,0.0,0.0,342.42475169824684,54606.83741385011
bull,7,2024-11-30,Enterprise,monthly,17.93412386631349,18124.448086515087,1.7527093596059118,1735.1822660098526,20.1648171496265,9.712722612095304,0.8277287938298535,836.5129886083888,0.0,0.0,0.0,0.0,18.859104432089552,19033.569458454083
bull,7,2024-11-30,Enterprise,annual,138.44599043167187,114457.21674349465,9.542528735632187,7872.586206896554,132.33698060004403,63.7423277559585,1.2102409865913404,1000.5404597290299,0.0,0.0,0.0,0.0,146.7782781807127,121397.85714350625
bull,8,2024-12-31,B2C,monthly,1127.2990064622581,55237.65131665065,180.84442332065905,8861.376742712293,0.0,0.0,95.38683900834492,4673.955111408901,41.27648669815653,2022.54784820967,0.0,0.0,1171.4801040764157,57402.52509974437
bull,8,2024-12-31,B2C,annual,1449.7608883589728,48204.54953793587,87.48891001267427,2909.0062579214195,0.0,0.0,4.160411379709638,138.33367837534553,0.0,0.0,41.27648669815653,1372.4431827137046,1574.365873690094,52347.665300195644
bull,8,2024-12-31,SMB,monthly,192.59812091998722,42279.73986082894,23.497267759562842,4675.956284153006,491.62074621675504,25.62313148938719,11.368898788286625,2495.736100522718,0.0,0.0,0.0,0.0,204.72648989126344,44925.95765918659
bull,8,2024-12-31,SMB,annual,342.42475169824684,54606.83741385011,26.50273224043716,3973.2896174863404,672.6712576198028,35.05943192137856,1.0752434818550138,171.47021558097094,0.0,0.0,0.0,0.0,367.852240456829,59046.268641453906
bull,8,2024-12-31,Enterprise,monthly,18.859104432089552,19033.569458454083,1.7793103448275867,1761.5172413793107,21.176283327490808,10.19991227239402,0.8704202045579794,878.4724365440347,0.0,0.0,0.0,0.0,19.767994572359157,19927.59063434446
bull,8,2024-12-31,Enterprise,annual,146.7782781807127,121397.85714350625,9.687356321839083,7992.068965517244,140.36184281582408,67.6076373257802,1.283078604456041,1061.2128378823818,0.0,0.0,0.0,0.0,155.18255589809573,128401.46747663115
bull,9,2025-01-31,B2C,monthly,1171.4801040764157,57402.52509974437,186.81373347818212,9153.872940430923,0.0,0.0,99.12523957569672,4857.13673920914,42.89419458002876,2101.815534421409,0.0,0.0,1216.2744033988722,59597.44576654474
bull,9,2025-01-31,B2C,annual,1574.365873690094,52347.665300195644,90.37674271229402,3005.026695183776,0.0,0.0,4.517993104463539,150.2232707234127,0.0,0.0,42.89419458002876,1426.2319697859562,1703.1188178779535,56628.70069444196
bull,9,2025-01-31,SMB,monthly,204.72648989126344,44925.95765918659,24.37002341920375,4849.634660421546,522.3904617581209,27.226840188165017,12.084825811057105,2651.940024930626,0.0,0.0,0.0,0.0,217.0116874994101,47618.81591624746
bull,9,2025-01-31,SMB,annual,367.852240456829,59046.268641453906,27.487119437939114,4120.8689461358335,727.3581416881237,37.909696545096566,1.1550880065630305,185.4104154846014,0.0,0.0,0.0,0.0,394.1842718882051,63671.17561724817
bull,9,2025-01-31,Enterprise,monthly,19.767994572359157,19927.59063434446,1.8059113300492615,1787.8522167487688,22.170949396971647,10.679009878528744,0.9123689802627304,919.7349523543596,0.0,0.0,0.0,0.0,20.66153692214569,20807.19983825731
bull,9,2025-01-31,Enterprise,annual,155.18255589809573,128401.46747663115,9.83218390804598,8111.551724137934,148.4595117191499,71.50801545859407,1.3565455306166299,1122.4356746928536,0.0,0.0,0.0,0.0,163.65819427552506,135467.5350223368
bull,10,2025-02-28,B2C,monthly,1216.2744033988722,59597.44576654474,192.78304363570524,9446.369138149557,0.0,0.0,102.91552644144303,5042.860795630709,44.53435507829717,2182.183398836561,0.0,0.0,1261.6075655148372,61818.77071022703
bull,10,2025-02-28,B2C,annual,1703.1188178779535,56628.70069444196,93.26457541191381,3101.047132446134,0.0,0.0,4.887478319902496,162.50865413675803,0.0,0.0,44.53435507829717,1480.7673063533807,1836.0302700482619,61048.00647910472
bull,10,2025-02-28,SMB,monthly,217.0116874994101,47618.81591624746,25.242779078844656,5023.313036690087,553.7025036521804,28.858814780016253,12.810010291227314,2810.8970948619863,0.0,0.0,0.0,0.0,229.44445628702744,50356.07554694773
bull,10,2025-02-28,SMB,annual,394.1842718882051,63671.17561724817,28.471506635441063,4268.448274785325,784.3297983362537,40.879042856652816,1.2377728738810885,199.93302535799867,0.0,0.0,0.0,0.0,421.41800564976506,68483.1416221551
bull,10,2025-02-28,Enterprise,monthly,20.66153692214569,20807.19983825731,1.8325123152709364,1814.1871921182271,23.149581059318816,11.15038424335743,0.9536093964067242,960.3323002272605,0.0,0.0,0.0,0.0,21.540439841009903,21673.053926964243
bull,10,2025-02-28,Enterprise,annual,163.65819427552506,135467.5350223368,9.977011494252876,8231.034482758623,156.62939449561355,75.4431766153912,1.4306362639048142,1184.204488157021,0.0,0.0,0.0,0.0,172.20456950587314,142595.5512348186
bull,11,2025-03-31,B2C,monthly,1261.6075655148372,61818.77071022703,198.7523537932283,9738.865335868188,0.0,0.0,106.751409389717,5230.8190600961325,46.194246245004805,2263.5180660052356,0.0,0.0,1307.4142636733438,64063.298919993846
bull,11,2025-03-31,B2C,annual,1836.0302700482619,61048.00647910472,96.15240811153357,3197.067569708491,0.0,0.0,5.268897299089473,175.19083519472503,0.0,0.0,46.194246245004805,1535.9586876464098,1973.1080271057106,65605.8419012649
bull,11,2025-03-31,SMB,monthly,229.44445628702744,50356.07554694773,26.115534738485557,5196.991412958626,585.5308362451302,30.5176982941744,13.54390576917599,2972.4751390819633,0.0,0.0,0.0,0.0,242.01608525633702,53135.604958775344
bull,11,2025-03-31,SMB,annual,421.41800564976506,68483.1416221551,29.455893832943016,4416.027603434818,843.6057311212479,43.96848737581542,1.3232891648865266,215.0430168408678,0.0,0.0,0.0,0.0,449.5506103178215,73483.7634524945
bull,11,2025-03-31,Enterprise,monthly,21.540439841009903,21673.053926964243,1.8591133004926115,1840.5221674876855,24.11290911729274,11.614387370294908,0.9941741465081494,1000.2947966291189,0.0,0.0,0.0,0.0,22.405378994994365,22525.77981956981
bull,11,2025-03-31,Enterprise,annual,172.20456950587314,142595.5512348186,10.121839080459774,8350.517241379313,164.87090315768418,79.41283758210893,1.5053453512413737,1246.5148327653078,0.0,0.0,0.0,0.0,180.82106323509154,149785.01170900816
bull,12,2025-04-30,B2C,monthly,1307.4142636733438,64063.298919993846,204.72166395075138,10031.361533586818,0.0,0.0,110.62736077235986,5420.740677845633,47.87147611603936,2345.702329685929,0.0,0.0,1353.6370907356961,66328.21744604911
bull,12,2025-04-30,B2C,annual,1973.1080271057106,65605.8419012649,99.04024081115334,3293.0880069708487,0.0,0.0,5.662272416976963,188.27055786448406,0.0,0.0,47.87147611603936,1591.7265808583088,2114.3574716159264,70302.38593122957
bull,12,2025-04-30,SMB,monthly,242.01608525633702,53135.604958775344,26.988290398126466,5370.669789227167,617.8506737860446,32.20219890445043,14.285998042315818,3136.5483315471274,0.0,0.0,0.0,0.0,254.71837761214766,55955.37489133698
bull,12,2025-04-30,SMB,annual,449.5506103178215,73483.7634524945,30.440281030444968,4563.606932084311,905.205610088827,47.179055299693694,1.411627988662876,230.74540401243704,0.0,0.0,0.0,0.0,478.5792633596036,78674.6515353555
bull,12,2025-04-30,Enterprise,monthly,22.405378994994365,22525.77981956981,1.8857142857142863,1866.8571428571436,25.06163106573853,12.071355219439587,1.034094415153586,1039.6513762878371,0.0,0.0,0.0,0.0,23.256998865555065,23365.975861985415
bull,12,2025-04-30,Enterprise,annual,180.82106323509154,149785.01170900816,10.26666666666667,8470.000000000002,173.18345450540588,83.4167174507005,1.5806673872157848,1309.3622992048424,0.0,0.0,0.0,0.0,189.50706251454244,157035.41614685804
bull,1,2024-05-31,B2C,ALL,1536.0,64365.0,206.33333333333337,9050.766555766795,0.0,0.0,73.40123255615636,3565.3832901845067,30.903384615384617,1514.2658461538463,30.903384615384617,1027.5375384615386,1668.932100777177,69363.65495788999
bull,1,2024-05-31,Enterprise,ALL,102.0,86474.72,10.266666666666667,8732.862068965518,99.44606777571552,47.89986757638636,1.3405911397688588,1216.4628736543575,0.0,0.0,0.0,0.0,110.9260755268978,94042.6653955105
bull,1,2024-05-31,SMB,ALL,303.0,53869.36999999988,37.0,6400.441967213115,646.130712267029,33.67614635296536,7.2669077758057155,1581.7745632783838,0.0,0.0,0.0,0.0,332.7330922241943,59300.49196984867
bull,2,2024-06-30,B2C,ALL,1668.932100777177,69363.65495788999,215.1904761904762,9439.283190747781,0.0,0.0,76.786085900896,3726.8934229550787,32.24865153091697,1580.1839250149317,32.24865153091697,1072.2676634029895,1807.3364910667574,74568.12846407073
bull,2,2024-06-30,Enterprise,ALL,110.9260755268978,94042.6653955105,10.438095238095238,8878.679802955665,108.15188663049267,52.093171340073894,1.457500357708875,1320.6345974900096,0.0,0.0,0.0,0.0,119.90667040728417,101656.76931626658
bull,2,2024-06-30,SMB,ALL,332.7330922241943,59300.49196984867,38.85714285714286,6721.69967213115,711.4819646608714,37.08223477777172,7.959273492846368,1724.4002868132802,0.0,0.0,0.0,0.0,363.6309615884908,64972.191085049635
bull,3,2024-07-31,B2C,ALL,1807.3364910667574,74568.12846407073,224.04761904761904,9827.799825728769,0.0,0.0,80.31050693434831,3895.0635209294787,33.64939929076487,1648.8205652474783,33.64939929076487,1118.8425264179318,1951.073603180028,79970.88673004048
bull,3,2024-07-31,Enterprise,ALL,119.90667040728417,101656.76931626658,10.609523809523811,9024.497536945815,116.91194636697506,56.312601134775214,1.5740868600961564,1424.462424277228,0.0,0.0,0.0,0.0,128.94210735671183,109317.40377416737
bull,3,2024-07-31,SMB,ALL,363.6309615884908,64972.191085049635,40.71428571428572,7042.9573770491825,779.7512986890575,40.640412775666576,8.668715667894679,1871.4598041290399,0.0,0.0,0.0,0.0,395.6765316348818,70882.79954388317
bull,4,2024-08-31,B2C,ALL,1951.073603180028,79970.88673004048,232.9047619047619,10216.316460709759,0.0,0.0,83.95907903991439,4069.1361755183075,35.09890190949435,1719.846193565223,35.09890190949435,1167.038488490687,2100.0192860448756,85565.25931015739
bull,4,2024-08-31,Enterprise,ALL,128.94210735671183,109317.40377416737,10.780952380952382,9170.31527093596,125.7266373774952,60.55834499950934,1.6903903588705345,1527.983670229215,0.0,0.0,0.0,0.0,138.03266937879368,117024.90366725207
bull,4,2024-08-31,SMB,ALL,395.6765316348818,70882.79954388317,42.57142857142857,7364.215081967213,850.9203517758204,44.349723294497466,9.394388570108347,2022.7712898180555,0.0,0.0,0.0,0.0,428.853571636202,77030.81396451365
bull,5,2024-09-30,B2C,ALL,2100.0192860448756,85565.25931015739,241.76190476190476,10604.833095690748,0.0,0.0,87.71825025528334,4248.445655917541,36.59124879805948,1792.9711911049144,36.59124879805948,1216.6590225354778,2254.0629405514965,91345.33458136115
bull,5,2024-09-30,Enterprise,ALL,138.03266937879368,117024.90366725207,10.952380952380954,9316.133004926109,134.59630895374994,64.83057117648433,1.8064485161692336,1631.2337745733494,0.0,0.0,0.0,0.0,147.1786018150054,124779.56863538212
bull,5,2024-09-30,SMB,ALL,428.853571636202,77030.81396451365,44.42857142857143,7685.472786885248,924.9726819834359,48.20930938521275,10.135495881832082,2178.1619123058053,0.0,0.0,0.0,0.0,463.14664718294136,83414.88821169132
bull,6,2024-10-31,B2C,ALL,2254.0629405514965,91345.33458136115,250.6190476190476,10993.349730671735,0.0,0.0,91.57610723133871,4432.406795351726,38.121245912670936,1867.9410497208755,38.121245912670936,1267.5314265963086,2413.1058809392052,97305.8678935566
bull,6,2024-10-31,Enterprise,ALL,147.1786018150054,124779.56863538212,11.123809523809527,9461.950738916259,143.52127134982888,69.12942910478951,1.9222970408295865,1734.2463865336954,0.0,0.0,0.0,0.0,156.38011429798536,132581.66483000974
bull,6,2024-10-31,SMB,ALL,463.14664718294136,83414.88821169132,46.28571428571429,8006.7304918032805,1001.8936846775586,52.21840985848288,10.89128778338043,2337.4674043417854,0.0,0.0,0.0,0.0,498.54107368527525,90033.82657397189
bull,7,2024-11-30,B2C,ALL,2413.1058809392052,97305.8678935566,259.4761904761905,11381.866365652724,0.0,0.0,95.52217659416483,4620.505224645275,39.68432888746343,1944.5321154857081,39.68432888746343,1319.503935508159,2577.059894821231,103442.20085458652
bull,7,2024-11-30,Enterprise,ALL,156.38011429798536,132581.66483000974,11.2952380952381,9607.768472906408,152.50179774967052,73.4550503680538,2.037969780421194,1837.0534483374186,0.0,0.0,0.0,0.0,165.63738261280224,140431.42660196032
bull,7,2024-11-30,SMB,ALL,498.54107368527525,90033.82657397189,48.14285714285714,8327.988196721311,1081.6705132689508,56.3763551537823,11.661058209898307,2500.531654129331,0.0,0.0,0.0,0.0,535.022872618234,96886.57727467905
bull,8,2024-12-31,B2C,ALL,2577.059894821231,103442.20085458652,268.3333333333333,11770.383000633712,0.0,0.0,99.54725038805456,4812.288789784247,41.27648669815653,2022.54784820967,41.27648669815653,1372.4431827137046,2745.84597776651,109750.19039994001
bull,8,2024-12-31,Enterprise,ALL,165.63738261280224,140431.42660196032,11.466666666666669,9753.586206896554,161.53812614331488,77.80754959817422,2.15349880901402,1939.6852744264165,0.0,0.0,0.0,0.0,174.95055047045489,148329.0581109756
bull,8,2024-12-31,SMB,ALL,535.022872618234,96886.57727467905,50.0,8649.245901639346,1164.2920038365578,60.68256341076575,12.444142270141638,2667.206316103689,0.0,0.0,0.0,0.0,572.5787303480924,103972.2263006405
bull,9,2025-01-31,B2C,ALL,2745.84597776651,109750.19039994001,277.19047619047615,12158.8996356147,0.0,0.0,103.64323268016027,5007.360009932552,42.89419458002876,2101.815534421409,42.89419458002876,1426.2319697859562,2919.393221276826,116226.1464609867
bull,9,2025-01-31,Enterprise,ALL,174.95055047045489,148329.0581109756,11.638095238095241,9899.403940886703,170.63046111612155,82.18702533712282,2.2689145108793602,2042.1706270472132,0.0,0.0,0.0,0.0,184.31973119767076,156274.7348605941
bull,9,2025-01-31,SMB,ALL,572.5787303480924,103972.2263006405,51.85714285714286,8970.50360655738,1249.7486034462445,65.13653673326158,13.239913817620135,2837.3504404152272,0.0,0.0,0.0,0.0,611.1959593876152,111289.99153349563
bull,10,2025-02-28,B2C,ALL,2919.393221276826,116226.1464609867,286.04761904761904,12547.416270595691,0.0,0.0,107.80300476134553,5205.369449767467,44.53435507829717,2182.183398836561,44.53435507829717,1480.7673063533807,3097.637835563099,122866.77718933174
bull,10,2025-02-28,Enterprise,ALL,184.31973119767076,156274.7348605941,11.809523809523812,10045.22167487685,179.77897555493237,86.59356085874862,2.3842456603115383,2144.5367883842814,0.0,0.0,0.0,0.0,193.74500934688305,164268.60516178282
bull,10,2025-02-28,SMB,ALL,611.1959593876152,111289.99153349563,53.71428571428572,9291.761311475413,1338.032301988434,69.73785763666908,14.047783165108402,3010.830120219985,0.0,0.0,0.0,0.0,650.8624619367924,118839.21716910283
bull,11,2025-03-31,B2C,ALL,3097.637835563099,122866.77718933174,294.90476190476187,12935.93290557668,0.0,0.0,112.02030668880647,5406.0098952908575,46.194246245004805,2263.5180660052356,46.194246245004805,1535.9586876464098,3280.5222907790544,129669.14082125874
bull,11,2025-03-31,Enterprise,ALL,193.74500934688305,164268.60516178282,11.980952380952385,10191.039408866998,188.9838122749769,91.02722495240384,2.499519497749523,2246.809629394427,0.0,0.0,0.0,0.0,203.22644223008592,172310.79152857797
bull,11,2025-03-31,SMB,ALL,650.8624619367924,118839.21716910283,55.57142857142857,9613.019016393444,1429.1365673663781,74.48618566998982,14.867194934062516,3187.5181559228313,0.0,0.0,0.0,0.0,691.5666955741585,126619.36841126985
bull,12,2025-04-30,B2C,ALL,3280.5222907790544,129669.14082125874,303.7619047619047,13324.449540557667,0.0,0.0,116.28963318933683,5609.011235710117,47.87147611603936,2345.702329685929,47.87147611603936,1591.7265808583088,3467.9945623516223,136630.60337727866
bull,12,2025-04-30,Enterprise,ALL,203.22644223008592,172310.79152857797,12.152380952380955,10336.857142857145,198.24508557114441,95.48807267014008,2.6147618023693706,2349.01367549268,0.0,0.0,0.0,0.0,212.7640613800975,180401.39200884345
bull,12,2025-04-30,SMB,ALL,691.5666955741585,126619.36841126985,57.42857142857143,9934.276721311478,1523.0562838748715,79.38125420414411,15.697626030978693,3367.2937355595645,0.0,0.0,0.0,0.0,733.2976409717512,134630.0264266925
bull,1,2024-05-31,B2B,ALL,405.0,140344.08999999988,47.266666666666666,15133.304036178633,745.5767800427445,81.57601392935173,8.607498915574574,2798.2374369327413,0.0,0.0,0.0,0.0,443.65916775109207,153343.1573653592
bull,2,2024-06-30,B2B,ALL,443.65916775109207,153343.1573653592,49.295238095238105,15600.379475086815,819.6338512913641,89.17540611784563,9.416773850555241,3045.03488430329,0.0,0.0,0.0,0.0,483.537631995775,166628.96040131623
bull,3,2024-07-31,B2B,ALL,483.537631995775,166628.96040131623,51.32380952380953,16067.454913994996,896.6632450560326,96.9530139104418,10.242802527990836,3295.9222284062675,0.0,0.0,0.0,0.0,524.6186389915936,180200.20331805054
bull,4,2024-08-31,B2B,ALL,524.6186389915936,180200.20331805054,53.352380952380955,16534.530352903173,976.6469891533156,104.9080682940068,11.084778928978881,3550.7549600472707,0.0,0.0,0.0,0.0,566.8862410149957,194055.71763176573
bull,5,2024-09-30,B2B,ALL,566.8862410149957,194055.71763176573,55.38095238095239,17001.60579181136,1059.5689909371858,113.03988056169707,11.941944398001315,3809.3956868791547,0.0,0.0,0.0,0.0,610.3252489979468,208194.45684707345
bull,6,2024-10-31,B2B,ALL,610.3252489979468,208194.45684707345,57.40952380952382,17468.68123071954,1145.4149560273875,121.34783896327238,12.813584824210015,4071.7137908754803,0.0,0.0,0.0,0.0,654.9211879832606,222615.49140398164
bull,7,2024-11-30,B2B,ALL,654.9211879832606,222615.49140398164,59.438095238095244,17935.75666962772,1234.1723110186213,129.8314055218361,13.699027990319502,4337.58510246675,0.0,0.0,0.0,0.0,700.6602552310362,237318.00387663938
bull,8,2024-12-31,B2B,ALL,700.6602552310362,237318.00387663938,61.46666666666667,18402.8321085359,1325.8301299798727,138.49011300893997,14.59764107915566,4606.8915905301055,0.0,0.0,0.0,0.0,747.5292808185474,252301.2844116161
bull,9,2025-01-31,B2B,ALL,747.5292808185474,252301.2844116161,63.49523809523811,18869.907547444083,1420.3790645623662,147.3235620703844,15.508828328499495,4879.52106746244,0.0,0.0,0.0,0.0,795.5156905852859,267564.72639408975
bull,10,2025-02-28,B2B,ALL,795.5156905852859,267564.72639408975,65.52380952380953,19336.98298635226,1517.8112775433665,156.3314184954177,16.43202882541994,5155.366908604266,0.0,0.0,0.0,0.0,844.6074712836755,283107.8223308857
bull,11,2025-03-31,B2B,ALL,844.6074712836755,283107.8223308857,67.55238095238096,19804.058425260442,1618.1203796413552,165.51341062239368,17.36671443181204,5434.327785317258,0.0,0.0,0.0,0.0,894.7931378042445,298930.15993984777
bull,12,2025-04-30,B2B,ALL,894.7931378042445,298930.15993984777,69.5809523809524,20271.133864168623,1721.301369446016,174.8693268742842,18.312387833348065,5716.307411052244,0.0,0.0,0.0,0.0,946.0617023518488,315031.418435536
bull,1,2024-05-31,Total,ALL,1941.0,204709.08999999988,253.60000000000002,24184.070591945427,745.5767800427445,81.57601392935173,82.00873147173094,6363.620727117248,30.903384615384617,1514.2658461538463,30.903384615384617,1027.5375384615386,2112.591268528269,222706.81232324915
bull,2,2024-06-30,Total,ALL,2112.591268528269,222706.81232324915,264.48571428571427,25039.662665834596,819.6338512913641,89.17540611784563,86.20285975145124,6771.9283072583685,32.24865153091697,1580.1839250149317,32.24865153091697,1072.2676634029895,2290.8741230625324,241197.08886538696
bull,3,2024-07-31,Total,ALL,2290.8741230625324,241197.08886538696,275.37142857142857,25895.254739723765,896.6632450560326,96.9530139104418,90.55330946233916,7190.985749335747,33.64939929076487,1648.8205652474783,33.64939929076487,1118.8425264179318,2475.6922421716217,260171.09004809102
bull,4,2024-08-31,Total,ALL,2475.6922421716217,260171.09004809102,286.25714285714287,26750.846813612934,976.6469891533156,104.9080682940068,95.04385796889326,7619.891135565578,35.09890190949435,1719.846193565223,35.09890190949435,1167.038488490687,2666.905527059871,279620.97694192315
bull,5,2024-09-30,Total,ALL,2666.905527059871,279620.97694192315,297.14285714285717,27606.438887502103,1059.5689909371858,113.03988056169707,99.66019465328465,8057.841342796697,36.59124879805948,1792.9711911049144,36.59124879805948,1216.6590225354778,2864.3881895494433,299539.7914284346
bull,6,2024-10-31,Total,ALL,2864.3881895494433,299539.7914284346,308.0285714285714,28462.030961391272,1145.4149560273875,121.34783896327238,104.38969205554872,8504.120586227205,38.121245912670936,1867.9410497208755,38.121245912670936,1267.5314265963086,3068.0270689224662,319921.35929753823
bull,7,2024-11-30,Total,ALL,3068.0270689224662,319921.35929753823,318.9142857142857,29317.62303528044,1234.1723110186213,129.8314055218361,109.22120458448434,8958.090327112024,39.68432888746343,1944.5321154857081,39.68432888746343,1319.503935508159,3277.7201500522674,340760.2047312259
bull,8,2024-12-31,Total,ALL,3277.7201500522674,340760.2047312259,329.8,30173.215109169614,1325.8301299798727,138.49011300893997,114.14489146721021,9419.180380314352,41.27648669815653,2022.54784820967,41.27648669815653,1372.4431827137046,3493.375258585057,362051.4748115561
bull,9,2025-01-31,Total,ALL,3493.375258585057,362051.4748115561,340.68571428571425,31028.80718305878,1420.3790645623662,147.3235620703844,119.15206100865976,9886.881077394992,42.89419458002876,2101.815534421409,42.89419458002876,1426.2319697859562,3714.9089118621114,383790.87285507645
bull,10,2025-02-28,Total,ALL,3714.9089118621114,383790.87285507645,351.57142857142856,31884.399256947952,1517.8112775433665,156.3314184954177,124.23503358676547,10360.736358371734,44.53435507829717,2182.183398836561,44.53435507829717,1480.7673063533807,3942.245306846775,405974.5995202174
bull,11,2025-03-31,Total,ALL,3942.245306846775,405974.5995202174,362.45714285714286,32739.99133083712,1618.1203796413552,165.51341062239368,129.3870211206185,10840.337680608116,46.194246245004805,2263.5180660052356,46.194246245004805,1535.9586876464098,4175.315428583299,428599.30076110654
bull,12,2025-04-30,Total,ALL,4175.315428583299,428599.30076110654,373.3428571428571,33595.58340472629,1721.301369446016,174.8693268742842,134.60202102268488,11325.318646762362,47.87147611603936,2345.702329685929,47.87147611603936,1591.7265808583088,4414.056264703471,451662.02181281464
bear,1,2024-05-31,B2C,monthly,844.0,41356.0,106.35000000000001,5211.150000000001,0.0,0.0,102.65961538461538,5030.321153846154,0.0,0.0,0.0,0.0,847.6903846153847,41536.82884615385
bear,1,2024-05-31,B2C,annual,692.0,23009.0,51.45,1710.7125,0.0,0.0,2.2837251318874965,75.93386063525926,0.0,0.0,0.0,0.0,741.1662748681125,24643.778639364744
bear,1,2024-05-31,SMB,monthly,113.0,25275.44000000001,12.9,2567.1,102.08281050912939,14.897474588917023,9.588543689320387,2144.7315106796123,0.0,0.0,0.0,0.0,116.31145631067962,25784.993825240606
bear,1,2024-05-31,SMB,annual,190.0,28593.929999999866,14.55,2181.3360000000007,125.7379610140025,18.34959352829359,0.6861089907202621,103.25553922645122,0.0,0.0,0.0,0.0,203.86389100927974,30779.39882825912
bear,1,2024-05-31,Enterprise,monthly,12.0,12309.730000000001,1.3499999999999999,1336.4999999999998,6.702789598379235,12.914044419688882,0.7961538461538462,816.7032403846156,0.0,0.0,0.0,0.0,12.553846153846154,12823.315504794076
bear,1,2024-05-31,Enterprise,annual,90.0,74164.99,7.35,6063.75,42.81856615456641,82.49712409907153,0.9047567338111107,745.5697123948187,0.0,0.0,0.0,0.0,96.44524326618888,79443.49172966069
bear,2,2024-06-30,B2C,monthly,847.6903846153847,41536.82884615385,106.35000000000001,5211.150000000001,0.0,0.0,103.108493897929,5052.316200998521,0.0,0.0,0.0,0.0,850.9318907174558,41695.662645155324
bear,2,2024-06-30,B2C,annual,741.1662748681125,24643.778639364744,51.45,1710.7125,0.0,0.0,2.445982729514082,81.32892575634324,0.0,0.0,0.0,0.0,790.1702921385985,26273.1622136084
bear,2,2024-06-30,SMB,monthly,116.31145631067962,25784.993825240606,12.9,2567.1,104.14080382541736,15.197808239417556,9.869535224809123,2187.9693789573093,0.0,0.0,0.0,0.0,119.3419210858705,26253.067441869294
bear,2,2024-06-30,SMB,annual,203.86389100927974,30779.39882825912,14.55,2181.3360000000007,135.34826621951223,19.752075267156123,0.7361728868667496,111.14748560543833,0.0,0.0,0.0,0.0,217.677718122413,32965.18353360604
bear,2,2024-06-30,Enterprise,monthly,12.553846153846154,12823.315504794076,1.3499999999999999,1336.4999999999998,6.982442814120935,13.452843079141122,0.8328994082840236,850.7776632988378,0.0,0.0,0.0,0.0,13.07094674556213,13302.567441230218
bear,2,2024-06-30,Enterprise,annual,96.44524326618888,79443.49172966069,7.35,6063.75,45.866067077959904,88.36864396645075,0.969549814323723,798.6337122208644,0.0,0.0,0.0,0.0,102.82569345186515,84666.10544055134
bear,3,2024-07-31,B2C,monthly,850.9318907174558,41695.662645155324,106.35000000000001,5211.150000000001,0.0,0.0,103.50277324592129,5071.635889050142,0.0,0.0,0.0,0.0,853.7791174715345,41835.17675610518
bear,3,2024-07-31,B2C,annual,790.1702921385985,26273.1622136084,51.45,1710.7125,0.0,0.0,2.6077048477280385,86.70618618695728,0.0,0.0,0.0,0.0,839.0125872908704,27897.168527421443
bear,3,2024-07-31,SMB,monthly,119.3419210858705,26253.067441869294,12.9,2567.1,106.03126627871707,15.473693241200646,10.126683400878719,2227.687470310074,0.0,0.0,0.0,0.0,122.11523768499178,26683.037544596737
bear,3,2024-07-31,SMB,annual,217.677718122413,32965.18353360604,14.55,2181.3360000000007,144.95996045202645,21.154759713941754,0.7860559972803078,119.04057264816129,0.0,0.0,0.0,0.0,231.44166212513272,35151.28416169596
bear,3,2024-07-31,Enterprise,monthly,13.07094674556213,13302.567441230218,1.3499999999999999,1336.4999999999998,7.243401006912107,13.955622652320894,0.867207043695949,882.5741860046971,0.0,0.0,0.0,0.0,13.553739701866181,13749.781033580113
bear,3,2024-07-31,Enterprise,annual,102.82569345186515,84666.10544055134,7.35,6063.75,48.88130149893828,94.1779970241247,1.033691539548578,851.135878032226,0.0,0.0,0.0,0.0,109.14200191231656,89833.42286699395
bear,4,2024-08-31,B2C,monthly,853.7791174715345,41835.17675610518,106.35000000000001,5211.150000000001,0.0,0.0,103.84909457706644,5088.605634276255,0.0,0.0,0.0,0.0,856.2800228944681,41957.72112182893
bear,4,2024-08-31,B2C,annual,839.0125872908704,27897.168527421443,51.45,1710.7125,0.0,0.0,2.7688932537082556,92.0657006857995,0.0,0.0,0.0,0.0,887.6936940371622,29515.815326735647
bear,4,2024-08-31,SMB,monthly,122.11523768499178,26683.037544596737,12.9,2567.1,107.7678357121796,15.727119835530008,10.362011430745904,2264.172312036655,0.0,0.0,0.0,0.0,124.65322625424588,27078.00594843673
bear,4,2024-08-31,SMB,annual,231.44166212513272,35151.28416169596,14.55,2181.3360000000007,154.57304391230835,22.557646897948906,0.835758974796288,126.93480051948606,0.0,0.0,0.0,0.0,245.15590315033646,37337.70075819084
bear,4,2024-08-31,Enterprise,monthly,13.553739701866181,13749.781033580113,1.3499999999999999,1336.4999999999998,7.486913952773364,14.424791041610925,0.8992384994507371,912.2450878048345,0.0,0.0,0.0,0.0,14.004501202415444,14167.09806868644
bear,4,2024-08-31,Enterprise,annual,109.14200191231656,89833.42286699395,7.35,6063.75,51.864611050598384,99.9258414853527,1.0971884574643724,903.0821584468198,0.0,0.0,0.0,0.0,115.39481345485218,94946.02947811237
bear,5,2024-09-30,B2C,monthly,856.2800228944681,41957.72112182893,106.35000000000001,5211.150000000001,0.0,0.0,104.15329124629827,5103.511271068614,0.0,0.0,0.0,0.0,858.4767316481698,42065.35985076032
bear,5,2024-09-30,B2C,annual,887.6936940371622,29515.815326735647,51.45,1710.7125,0.0,0.0,2.9295497088016145,97.40752781765369,0.0,0.0,0.0,0.0,936.2141443283607,31129.120298917995
bear,5,2024-09-30,SMB,monthly,124.65322625424588,27078.00594843673,12.9,2567.1,109.3630397808839,15.959916248159479,10.577370849146687,2297.687106692592,0.0,0.0,0.0,0.0,126.9758554050992,27440.82196527686
bear,5,2024-09-30,SMB,annual,245.15590315033646,37337.70075819084,14.55,2181.3360000000007,164.18751680115022,23.960736848480234,0.8852824698925877,134.83016938430254,0.0,0.0,0.0,0.0,258.8206206804439,39524.433368759215
bear,5,2024-09-30,Enterprise,monthly,14.004501202415444,14167.09806868644,1.3499999999999999,1336.4999999999998,7.714147879280049,14.862595179350418,0.9291447913141015,939.9324680186196,0.0,0.0,0.0,0.0,14.425356411101342,14556.51715336775
bear,5,2024-09-30,Enterprise,annual,115.39481345485218,94946.02947811237,7.35,6063.75,54.81633374887486,105.6128285943265,1.1600470502239386,954.4784390994487,0.0,0.0,0.0,0.0,121.58476640462824,100004.50454416747
bear,6,2024-10-31,B2C,monthly,858.4767316481698,42065.35985076032,106.35000000000001,5211.150000000001,0.0,0.0,104.4204870706668,5116.603866462672,0.0,0.0,0.0,0.0,860.406244577503,42159.90598429765
bear,6,2024-10-31,B2C,annual,936.2141443283607,31129.120298917995,51.45,1710.7125,0.0,0.0,3.0896759685422333,102.73172595402926,0.0,0.0,0.0,0.0,984.5744683598185,32737.101072963967
bear,6,2024-10-31,SMB,monthly,126.9758554050992,27440.82196527686,12.9,2567.1,110.82838632665197,16.17376187819907,10.774456080005503,2328.4736308399974,0.0,0.0,0.0,0.0,129.1013993250937,27774.102958885313
bear,6,2024-10-31,SMB,annual,258.8206206804439,39524.433368759215,14.55,2181.3360000000007,173.80337931937333,25.364029594842634,0.9346271306981639,142.7266794075244,0.0,0.0,0.0,0.0,272.4359935497457,41711.482039076225
bear,6,2024-10-31,Enterprise,monthly,14.425356411101342,14556.51715336775,1.3499999999999999,1336.4999999999998,7.926191050837203,15.271131788800748,0.9570669157365314,965.7689265215141,0.0,0.0,0.0,0.0,14.81828949536481,14919.903286108272
bear,6,2024-10-31,Enterprise,annual,121.58476640462824,100004.50454416747,7.35,6063.75,57.73680403083816,111.23960269995783,1.2222737348159811,1005.3305433086592,0.0,0.0,0.0,0.0,127.71249266981225,105009.42120218968
bear,7,2024-11-30,B2C,monthly,860.406244577503,42159.90598429765,106.35000000000001,5211.150000000001,0.0,0.0,104.65518263370588,5128.103949051588,0.0,0.0,0.0,0.0,862.1010619437972,42242.95203524606
bear,7,2024-11-30,B2C,annual,984.5744683598185,32737.101072963967,51.45,1710.7125,0.0,0.0,3.249273782670648,108.03835327379905,0.0,0.0,0.0,0.0,1032.7751945771479,34339.77521969017
bear,7,2024-11-30,SMB,monthly,129.1013993250937,27774.102958885313,12.9,2567.1,112.174446395906,16.37019941334192,10.954817767973967,2356.7539792296852,0.0,0.0,0.0,0.0,131.04658155711974,28080.253226638193
bear,7,2024-11-30,SMB,annual,272.4359935497457,41711.482039076225,14.55,2181.3360000000007,183.420631667828,26.767525166347227,0.9837936030015151,150.6243307540891,0.0,0.0,0.0,0.0,286.0021999467442,43898.84681482362
bear,7,2024-11-30,Enterprise,monthly,14.81828949536481,14919.903286108272,1.3499999999999999,1336.4999999999998,8.124058980574771,15.652357425732676,0.9831365145963191,989.8781987898757,0.0,0.0,0.0,0.0,15.18515298076849,15258.996788873237
bear,7,2024-11-30,Enterprise,annual,127.71249266981225,105009.42120218968,7.35,6063.75,60.626352792587,116.80680132888462,1.2838748637201638,1055.6442327365369,0.0,0.0,0.0,0.0,133.7786178060921,109961.34652091685
bear,8,2024-12-31,B2C,monthly,862.1010619437972,42242.95203524606,106.35000000000001,5211.150000000001,0.0,0.0,104.86133109220224,5138.20522351791,0.0,0.0,0.0,0.0,863.5897308515949,42315.896811728155
bear,8,2024-12-31,B2C,annual,1032.7751945771479,34339.77521969017,51.45,1710.7125,0.0,0.0,3.4083448951529363,113.32746776383516,0.0,0.0,0.0,0.0,1080.816849681995,35937.16025192634
bear,8,2024-12-31,SMB,monthly,131.04658155711974,28080.253226638193,12.9,2567.1,113.41093049946014,16.550645958851657,11.119874978730353,2382.7321669982307,0.0,0.0,0.0,0.0,132.82670657838938,28361.48134418057
bear,8,2024-12-31,SMB,annual,286.0021999467442,43898.84681482362,14.55,2181.3360000000007,193.0392740473935,28.171223592309378,1.032782530259133,158.52312358895801,0.0,0.0,0.0,0.0,299.5194174164851,46086.527741689744
bear,8,2024-12-31,Enterprise,monthly,15.18515298076849,15258.996788873237,1.3499999999999999,1336.4999999999998,8.308699293823802,16.008097848726084,1.007476495839448,1012.3757484925513,0.0,0.0,0.0,0.0,15.527676484929042,15575.421641825784
bear,8,2024-12-31,Enterprise,annual,133.7786178060921,109961.34652091685,7.35,6063.75,63.48530742673974,122.31505525770426,1.3448567255556085,1105.4252080415163,0.0,0.0,0.0,0.0,139.78376108053646,114860.84156504438
bear,9,2025-01-31,B2C,monthly,863.5897308515949,42315.896811728155,106.35000000000001,5211.150000000001,0.0,0.0,105.04240476223725,5147.0778333496255,0.0,0.0,0.0,0.0,864.8973260893578,42379.96897837853
bear,9,2025-01-31,B2C,annual,1080.816849681995,35937.16025192634,51.45,1710.7125,0.0,0.0,3.5668910441997728,118.59912721964244,0.0,0.0,0.0,0.0,1128.6999586377954,37529.2736247067
bear,9,2025-01-31,SMB,monthly,132.82670657838938,28361.48134418057,12.9,2567.1,114.54675866438694,16.71640326059503,11.27092636403032,2406.5956014382346,0.0,0.0,0.0,0.0,134.45578021435907,28619.816098146126
bear,9,2025-01-31,SMB,annual,299.5194174164851,46086.527741689744,14.55,2181.3360000000007,202.6593066589782,29.575124902048685,1.0815945536039235,166.42305807711637,0.0,0.0,0.0,0.0,312.9878228628812,48274.52486536956
bear,9,2025-01-31,Enterprise,monthly,15.527676484929042,15575.421641825784,1.3499999999999999,1336.4999999999998,8.480996266465688,16.340056763058303,1.0302016129424076,1033.3693204672875,0.0,0.0,0.0,0.0,15.847474871986634,15870.693260861904
bear,9,2025-01-31,Enterprise,annual,139.78376108053646,114860.84156504438,7.35,6063.75,66.31399185952864,127.76498858444204,1.4052255457228757,1154.679109524278,0.0,0.0,0.0,0.0,145.72853553481357,119708.46145879518
bear,10,2025-02-28,B2C,monthly,864.8973260893578,42379.96897837853,106.35000000000001,5211.150000000001,0.0,0.0,105.20145360606129,5154.871226697003,0.0,0.0,0.0,0.0,866.0458724832965,42436.24775168153
bear,10,2025-02-28,B2C,annual,1128.6999586377954,37529.2736247067,51.45,1710.7125,0.0,0.0,3.7249139622854206,123.85338924599026,0.0,0.0,0.0,0.0,1176.42504467551,39116.13273546071
bear,10,2025-02-28,SMB,monthly,134.45578021435907,28619.816098146126,12.9,2567.1,115.5901247833146,16.868667095868958,11.40916037935435,2428.5164339591956,0.0,0.0,0.0,0.0,135.94661983500473,28857.121121874374
bear,10,2025-02-28,SMB,annual,312.9878228628812,48274.52486536956,14.55,2181.3360000000007,212.2807297035196,30.979229124889,1.130230311853598,174.32413438357318,0.0,0.0,0.0,0.0,326.4075925510276,50462.838231564616
bear,10,2025-02-28,Enterprise,monthly,15.847474871986634,15870.693260861904,1.3499999999999999,1336.4999999999998,8.641775059889419,16.649823980057043,1.0514190059298825,1052.959456730261,0.0,0.0,0.0,0.0,16.146055866056752,16146.225755211477
bear,10,2025-02-28,Enterprise,annual,145.72853553481357,119708.46145879518,7.35,6063.75,69.11272658750151,133.15721879926292,1.4649874870394923,1203.4115177668084,0.0,0.0,0.0,0.0,151.6135480477741,124504.7554488166
bear,11,2025-03-31,B2C,monthly,866.0458724832965,42436.24775168153,106.35000000000001,5211.150000000001,0.0,0.0,105.34115660493941,5161.71667364203,0.0,0.0,0.0,0.0,867.0547158783571,42485.681078039495
bear,11,2025-03-31,B2C,annual,1176.42504467551,39116.13273546071,51.45,1710.7125,0.0,0.0,3.882415376166666,129.09031125754169,0.0,0.0,0.0,0.0,1223.9926292993434,40697.754924203175
bear,11,2025-03-31,SMB,monthly,135.94661983500473,28857.121121874374,12.9,2567.1,116.54855572537198,17.00853589976768,11.535664634543117,2448.652801992058,0.0,0.0,0.0,0.0,137.31095520046162,29075.108339707916
bear,11,2025-03-31,SMB,annual,326.4075925510276,50462.838231564616,14.55,2181.3360000000007,221.9035433819841,32.38353629015839,1.178690441519032,182.22635267336133,0.0,0.0,0.0,0.0,339.7789021095086,52651.46788598308
bear,11,2025-03-31,Enterprise,monthly,16.146055866056752,16146.225755211477,1.3499999999999999,1336.4999999999998,8.791805672838834,16.93888303099464,1.071228706497996,1071.239977989992,0.0,0.0,0.0,0.0,16.424827159558756,16403.33869986333
bear,11,2025-03-31,Enterprise,annual,151.6135480477741,124504.7554488166,7.35,6063.75,71.88182871383474,138.4923568544346,1.5241486503690886,1251.6279542646932,0.0,0.0,0.0,0.0,157.439399397405,129250.26696641132
bear,12,2025-04-30,B2C,monthly,867.0547158783571,42485.681078039495,106.35000000000001,5211.150000000001,0.0,0.0,105.46386688328093,5167.7294772807645,0.0,0.0,0.0,0.0,867.9408489950762,42529.10160075873
bear,12,2025-04-30,B2C,annual,1223.9926292993434,40697.754924203175,51.45,1710.7125,0.0,0.0,4.0393970069016865,134.3099504794811,0.0,0.0,0.0,0.0,1271.4032322924418,42274.157473723695
bear,12,2025-04-30,SMB,monthly,137.31095520046162,29075.108339707916,12.9,2567.1,117.4289656352099,17.137018689320854,11.651434450990624,2467.149969796574,0.0,0.0,0.0,0.0,138.559520749471,29275.350316857228
bear,12,2025-04-30,SMB,annual,339.7789021095086,52651.46788598308,14.55,2181.3360000000007,231.52774789536718,33.78804642718918,1.2269755768125983,190.12971311153763,0.0,0.0,0.0,0.0,353.101926532696,54840.41387433973
bear,12,2025-04-30,Enterprise,monthly,16.424827159558756,16403.33869986333,1.3499999999999999,1336.4999999999998,8.93180662907598,17.208618271987824,1.0897241096245713,1088.2984329717017,0.0,0.0,0.0,0.0,16.685103049934185,16643.263455248714
bear,12,2025-04-30,Enterprise,annual,157.439399397405,129250.26696641132,7.35,6063.75,74.62161198426175,143.77100723354994,1.582715075244212,1299.3338820527154,0.0,0.0,0.0,0.0,163.20668432216078,133945.53368910932
bear,1,2024-05-31,B2C,ALL,1536.0,64365.0,157.8,6921.862500000001,0.0,0.0,104.94334051650287,5106.255014481413,0.0,0.0,0.0,0.0,1588.8566594834972,66180.60748551859
bear,1,2024-05-31,Enterprise,ALL,102.0,86474.72,8.7,7400.25,49.521355752945645,95.4111685187604,1.7009105799649569,1562.2729527794343,0.0,0.0,0.0,0.0,108.99908942003503,92266.80723445477
bear,1,2024-05-31,SMB,ALL,303.0,53869.36999999988,27.450000000000003,4748.436000000001,227.8207715231319,33.24706811721061,10.27465268004065,2247.9870499060635,0.0,0.0,0.0,0.0,320.17534731995937,56564.39265349973
bear,2,2024-06-30,B2C,ALL,1588.8566594834972,66180.60748551859,157.8,6921.862500000001,0.0,0.0,105.55447662744308,5133.645126754864,0.0,0.0,0.0,0.0,1641.1021828560542,67968.82485876372
bear,2,2024-06-30,Enterprise,ALL,108.99908942003503,92266.80723445477,8.7,7400.25,52.84850989208084,101.82148704559187,1.8024492226077466,1649.4113755197022,0.0,0.0,0.0,0.0,115.89664019742727,97968.67288178156
bear,2,2024-06-30,SMB,ALL,320.17534731995937,56564.39265349973,27.450000000000003,4748.436000000001,239.48907004492958,34.94988350657368,10.605708111675874,2299.1168645627477,0.0,0.0,0.0,0.0,337.0196392082835,59218.250975475334
bear,3,2024-07-31,B2C,ALL,1641.1021828560542,67968.82485876372,157.8,6921.862500000001,0.0,0.0,106.11047809364933,5158.342075237099,0.0,0.0,0.0,0.0,1692.791704762405,69732.34528352662
bear,3,2024-07-31,Enterprise,ALL,115.89664019742727,97968.67288178156,8.7,7400.25,56.12470250585039,108.1336196764456,1.900898583244527,1733.710064036923,0.0,0.0,0.0,0.0,122.69574161418274,103583.20390057407
bear,3,2024-07-31,SMB,ALL,337.0196392082835,59218.250975475334,27.450000000000003,4748.436000000001,250.9912267307435,36.6284529551424,10.912739398159026,2346.728042958235,0.0,0.0,0.0,0.0,353.5568998101245,61834.3217062927
bear,4,2024-08-31,B2C,ALL,1692.791704762405,69732.34528352662,157.8,6921.862500000001,0.0,0.0,106.6179878307747,5180.671334962054,0.0,0.0,0.0,0.0,1743.9737169316304,71473.53644856458
bear,4,2024-08-31,Enterprise,ALL,122.69574161418274,103583.20390057407,8.7,7400.25,59.35152500337175,114.35063252696364,1.9964269569151094,1815.3272462516543,0.0,0.0,0.0,0.0,129.39931465726764,109113.1275467988
bear,4,2024-08-31,SMB,ALL,353.5568998101245,61834.3217062927,27.450000000000003,4748.436000000001,262.34087962448797,38.28476673347892,11.197770405542192,2391.107112556141,0.0,0.0,0.0,0.0,369.80912940458234,64415.70670662757
bear,5,2024-09-30,B2C,ALL,1743.9737169316304,71473.53644856458,157.8,6921.862500000001,0.0,0.0,107.08284095509988,5200.918798886268,0.0,0.0,0.0,0.0,1794.6908759765306,73194.4801496783
bear,5,2024-09-30,Enterprise,ALL,129.39931465726764,109113.1275467988,8.7,7400.25,62.53048162815491,120.47542377367692,2.08919184153804,1894.4109071180683,0.0,0.0,0.0,0.0,136.01012281572957,114561.02169753522
bear,5,2024-09-30,SMB,ALL,369.80912940458234,64415.70670662757,27.450000000000003,4748.436000000001,273.5505565820341,39.92065309663971,11.462653319039275,2432.5172760768946,0.0,0.0,0.0,0.0,385.7964760855431,66965.25533403608
bear,6,2024-10-31,B2C,ALL,1794.6908759765306,73194.4801496783,157.8,6921.862500000001,0.0,0.0,107.51016303920903,5219.335592416702,0.0,0.0,0.0,0.0,1844.9807129373216,74897.00705726162
bear,6,2024-10-31,Enterprise,ALL,136.01012281572957,114561.02169753522,8.7,7400.25,65.66299508167536,126.51073448875857,2.1793406505525126,1971.0994698301733,0.0,0.0,0.0,0.0,142.53078216517707,119929.32448829795
bear,6,2024-10-31,SMB,ALL,385.7964760855431,66965.25533403608,27.450000000000003,4748.436000000001,284.6317656460253,41.53779147304171,11.709083210703668,2471.200310247522,0.0,0.0,0.0,0.0,401.5373928748394,69485.58499796153
bear,7,2024-11-30,B2C,ALL,1844.9807129373216,74897.00705726162,157.8,6921.862500000001,0.0,0.0,107.90445641637652,5236.1423023253865,0.0,0.0,0.0,0.0,1894.876256520945,76582.72725493624
bear,7,2024-11-30,Enterprise,ALL,142.53078216517707,119929.32448829795,8.7,7400.25,68.75041177316177,132.4591587546173,2.267011378316483,2045.5224315264127,0.0,0.0,0.0,0.0,148.96377078686058,125220.34330979009
bear,7,2024-11-30,SMB,ALL,401.5373928748394,69485.58499796153,27.450000000000003,4748.436000000001,295.595078063734,43.13772457968915,11.938611370975483,2507.378309983774,0.0,0.0,0.0,0.0,417.04878150386395,71979.10004146182
bear,8,2024-12-31,B2C,ALL,1894.876256520945,76582.72725493624,157.8,6921.862500000001,0.0,0.0,108.26967598735517,5251.532691281745,0.0,0.0,0.0,0.0,1944.40658053359,78253.0570636545
bear,8,2024-12-31,Enterprise,ALL,148.96377078686058,125220.34330979009,8.7,7400.25,71.79400672056354,138.32315310643034,2.3523332213950567,2117.8009565340676,0.0,0.0,0.0,0.0,155.3114375654655,130436.26320687016
bear,8,2024-12-31,SMB,ALL,417.04878150386395,71979.10004146182,27.450000000000003,4748.436000000001,306.4502045468536,44.721869551161035,12.152657508989487,2541.255290587189,0.0,0.0,0.0,0.0,432.34612399487446,74448.00908587032
bear,9,2025-01-31,B2C,ALL,1944.40658053359,78253.0570636545,157.8,6921.862500000001,0.0,0.0,108.60929580643703,5265.676960569268,0.0,0.0,0.0,0.0,1993.5972847271532,79909.24260308524
bear,9,2025-01-31,Enterprise,ALL,155.3114375654655,130436.26320687016,8.7,7400.25,74.79498812599434,144.10504534750035,2.4354271586652834,2188.048429991565,0.0,0.0,0.0,0.0,161.5760104068002,135579.1547196571
bear,9,2025-01-31,SMB,ALL,432.34612399487446,74448.00908587032,27.450000000000003,4748.436000000001,317.2060653233651,46.291528162643715,12.352520917634244,2573.018659515351,0.0,0.0,0.0,0.0,447.44360307724025,76894.34096351569
bear,10,2025-02-28,B2C,ALL,1993.5972847271532,79909.24260308524,157.8,6921.862500000001,0.0,0.0,108.92636756834672,5278.724615942993,0.0,0.0,0.0,0.0,2042.4709171588065,81552.38048714225
bear,10,2025-02-28,Enterprise,ALL,161.5760104068002,135579.1547196571,8.7,7400.25,77.75450164739092,149.80704277931997,2.5164064929693746,2256.3709744970693,0.0,0.0,0.0,0.0,167.75960391383083,140650.9812040281
bear,10,2025-02-28,SMB,ALL,447.44360307724025,76894.34096351569,27.450000000000003,4748.436000000001,327.8708544868342,47.84789622075796,12.539390691207949,2602.8405683427686,0.0,0.0,0.0,0.0,462.3542123860324,79319.95935343899
bear,11,2025-03-31,B2C,ALL,2042.4709171588065,81552.38048714225,157.8,6921.862500000001,0.0,0.0,109.22357198110608,5290.806984899572,0.0,0.0,0.0,0.0,2091.0473451777007,83183.43600224267
bear,11,2025-03-31,Enterprise,ALL,167.75960391383083,140650.9812040281,8.7,7400.25,80.67363438667357,155.43123988542925,2.5953773568670844,2322.867932254685,0.0,0.0,0.0,0.0,173.86422655696376,145653.60566627464
bear,11,2025-03-31,SMB,ALL,462.3542123860324,79319.95935343899,27.450000000000003,4748.436000000001,338.45209910735605,49.39207218992607,12.71435507606215,2630.8791546654193,0.0,0.0,0.0,0.0,477.08985730997017,81726.576225691
bear,12,2025-04-30,B2C,ALL,2091.0473451777007,83183.43600224267,157.8,6921.862500000001,0.0,0.0,109.50326389018261,5302.039427760245,0.0,0.0,0.0,0.0,2139.344081287518,84803.25907448243
bear,12,2025-04-30,Enterprise,ALL,173.86422655696376,145653.60566627464,8.7,7400.25,83.55341861333773,160.97962550553777,2.672439184868783,2387.632315024417,0.0,0.0,0.0,0.0,179.89178737209497,150588.79714435805
bear,12,2025-04-30,SMB,ALL,477.08985730997017,81726.576225691,27.450000000000003,4748.436000000001,348.9567135305771,50.925065116510034,12.878410027803223,2657.2796829081117,0.0,0.0,0.0,0.0,491.661447282167,84115.76419119695
bear,1,2024-05-31,B2B,ALL,405.0,140344.08999999988,36.15,12148.686000000002,277.3421272760775,128.65823663597104,11.975563260005606,3810.260002685498,0.0,0.0,0.0,0.0,429.17443673999435,148831.19988795448
bear,2,2024-06-30,B2B,ALL,429.17443673999435,148831.19988795448,36.15,12148.686000000002,292.33757993701045,136.77137055216554,12.408157334283619,3948.52824008245,0.0,0.0,0.0,0.0,452.9162794057108,157186.9238572569
bear,3,2024-07-31,B2B,ALL,452.9162794057108,157186.9238572569,36.15,12148.686000000002,307.1159292365939,144.762072631588,12.813637981403554,4080.4381069951583,0.0,0.0,0.0,0.0,476.2526414243072,165417.52560686675
bear,4,2024-08-31,B2B,ALL,476.2526414243072,165417.52560686675,36.15,12148.686000000002,321.6924046278597,152.63539926044254,13.1941973624573,4206.434358807795,0.0,0.0,0.0,0.0,499.20844406184995,173528.83425342638
bear,5,2024-09-30,B2B,ALL,499.20844406184995,173528.83425342638,36.15,12148.686000000002,336.08103821018904,160.39607687031662,13.551845160577315,4326.928183194963,0.0,0.0,0.0,0.0,521.8065989012727,181526.2770315713
bear,6,2024-10-31,B2B,ALL,521.8065989012727,181526.2770315713,36.15,12148.686000000002,350.2947607277007,168.0485259618003,13.888423861256179,4442.299780077695,0.0,0.0,0.0,0.0,544.0681750400164,189414.9094862595
bear,7,2024-11-30,B2B,ALL,544.0681750400164,189414.9094862595,36.15,12148.686000000002,364.34548983689575,175.59688333430643,14.205622749291965,4552.900741510187,0.0,0.0,0.0,0.0,566.0125522907246,197199.4433512519
bear,8,2024-12-31,B2B,ALL,566.0125522907246,197199.4433512519,36.15,12148.686000000002,378.24421126741714,183.04502265759137,14.504990730384542,4659.056247121256,0.0,0.0,0.0,0.0,587.6575615603399,204884.27229274047
bear,9,2025-01-31,B2B,ALL,587.6575615603399,204884.27229274047,36.15,12148.686000000002,392.00105344935946,190.39657351014404,14.787948076299527,4761.067089506916,0.0,0.0,0.0,0.0,609.0196134840405,212473.49568317278
bear,10,2025-02-28,B2B,ALL,609.0196134840405,212473.49568317278,36.15,12148.686000000002,405.6253561342251,197.65493900007792,15.055797184177322,4859.211542839838,0.0,0.0,0.0,0.0,630.1138162998632,219970.94055746705
bear,11,2025-03-31,B2B,ALL,630.1138162998632,219970.94055746705,36.15,12148.686000000002,419.12573349402965,204.82331207535532,15.309732432929234,4953.747086920104,0.0,0.0,0.0,0.0,650.954083866934,227380.18189196565
bear,12,2025-04-30,B2B,ALL,650.954083866934,227380.18189196565,36.15,12148.686000000002,432.5101321439148,211.90469062204778,15.550849212672006,5044.911997932529,0.0,0.0,0.0,0.0,671.5532346542619,234704.561335555
bear,1,2024-05-31,Total,ALL,1941.0,204709.08999999988,193.95000000000002,19070.5485,277.3421272760775,128.65823663597104,116.91890377650849,8916.51501716691,0.0,0.0,0.0,0.0,2018.0310962234917,215011.80737347307
bear,2,2024-06-30,Total,ALL,2018.0310962234917,215011.80737347307,193.95000000000002,19070.5485,292.33757993701045,136.77137055216554,117.9626339617267,9082.173366837314,0.0,0.0,0.0,0.0,2094.018462261765,225155.7487160206
bear,3,2024-07-31,Total,ALL,2094.018462261765,225155.7487160206,193.95000000000002,19070.5485,307.1159292365939,144.762072631588,118.92411607505288,9238.780182232258,0.0,0.0,0.0,0.0,2169.044346186712,235149.8708903934
bear,4,2024-08-31,Total,ALL,2169.044346186712,235149.8708903934,193.95000000000002,19070.5485,321.6924046278597,152.63539926044254,119.812185193232,9387.10569376985,0.0,0.0,0.0,0.0,2243.1821609934805,245002.37070199096
bear,5,2024-09-30,Total,ALL,2243.1821609934805,245002.37070199096,193.95000000000002,19070.5485,336.08103821018904,160.39607687031662,120.6346861156772,9527.846982081232,0.0,0.0,0.0,0.0,2316.497474877803,254720.75718124962
bear,6,2024-10-31,Total,ALL,2316.497474877803,254720.75718124962,193.95000000000002,19070.5485,350.2947607277007,168.0485259618003,121.3985869004652,9661.635372494397,0.0,0.0,0.0,0.0,2389.048887977338,264311.9165435211
bear,7,2024-11-30,Total,ALL,2389.048887977338,264311.9165435211,193.95000000000002,19070.5485,364.34548983689575,175.59688333430643,122.1100791656685,9789.043043835574,0.0,0.0,0.0,0.0,2460.8888088116696,273782.1706061881
bear,8,2024-12-31,Total,ALL,2460.8888088116696,273782.1706061881,193.95000000000002,19070.5485,378.24421126741714,183.04502265759137,122.77466671773972,9910.588938403002,0.0,0.0,0.0,0.0,2532.06414209393,283137.32935639494
bear,9,2025-01-31,Total,ALL,2532.06414209393,283137.32935639494,193.95000000000002,19070.5485,392.00105344935946,190.39657351014404,123.39724388273655,10026.744050076184,0.0,0.0,0.0,0.0,2602.6168982111935,292382.738286258
bear,10,2025-02-28,Total,ALL,2602.6168982111935,292382.738286258,193.95000000000002,19070.5485,405.6253561342251,197.65493900007792,123.98216475252404,10137.936158782832,0.0,0.0,0.0,0.0,2672.5847334586697,301523.3210446093
bear,11,2025-03-31,Total,ALL,2672.5847334586697,301523.3210446093,193.95000000000002,19070.5485,419.12573349402965,204.82331207535532,124.53330441403531,10244.554071819677,0.0,0.0,0.0,0.0,2742.0014290446343,310563.6178942083
bear,12,2025-04-30,Total,ALL,2742.0014290446343,310563.6178942083,193.95000000000002,19070.5485,432.5101321439148,211.90469062204778,125.05411310285463,10346.951425692774,0.0,0.0,0.0,0.0,2810.8973159417797,319507.8204100374
