segment,step,step_order,amount
B2B,Start MRR,1,68840.04999999986
B2B,Churn,2,-7563.78
B2B,Contraction,3,-383.5400000000001
B2B,Expansion,4,1768.6700000000005
B2B,End MRR,5,62661.399999999885
B2C,Start MRR,1,39373.25
B2C,Churn,2,-13706.0
B2C,Contraction,3,-0.0
B2C,Expansion,4,0.0
B2C,End MRR,5,25667.25
Enterprise,Start MRR,1,40840.41999999999
Enterprise,Churn,2,-2946.39
Enterprise,Contraction,3,-275.34000000000003
Enterprise,Expansion,4,285.82000000000005
Enterprise,End MRR,5,37904.51
SMB,Start MRR,1,27999.629999999943
SMB,Churn,2,-4617.389999999999
SMB,Contraction,3,-108.20000000000002
SMB,Expansion,4,1482.85
SMB,End MRR,5,24756.889999999952
Total,Start MRR,1,108213.29999999984
Total,Churn,2,-21269.780000000002
Total,Contraction,3,-383.5400000000001
Total,Expansion,4,1768.6700000000005
Total,End MRR,5,88328.64999999988
