segment,plan_type,tenure_bucket,mrr_tier,renewal_change,n_events,pre_renewal_mrr,post_renewal_mrr,expansion_amt,contraction_amt
B2C,annual,2,<100,flat,114,3790.5,3790.5,0.0,0.0
B2C,monthly,2,<100,flat,1083,53067.0,53067.0,0.0,0.0
B2C,monthly,3-4,<100,flat,1693,82957.0,82957.0,0.0,0.0
B2C,monthly,5-8,<100,flat,2022,99078.0,99078.0,0.0,0.0
B2C,monthly,9+,<100,flat,891,43659.0,43659.0,0.0,0.0
Enterprise,annual,2,600-1000,contraction,1,825.0,697.36,0.0,127.63999999999999
Enterprise,annual,2,600-1000,expansion,1,825.0,867.63,42.629999999999995,0.0
Enterprise,annual,2,600-1000,flat,7,5775.0,5775.0,0.0,0.0
Enterprise,monthly,2,600-1000,contraction,1,990.0,795.26,0.0,194.74
Enterprise,monthly,2,600-1000,expansion,2,1980.0,2272.66,292.65999999999985,0.0
Enterprise,monthly,2,600-1000,flat,12,11880.0,11880.0,0.0,0.0
Enterprise,monthly,3-4,1000+,expansion,1,1222.84,1293.77,70.93000000000006,0.0
Enterprise,monthly,3-4,1000+,flat,4,4464.98,4464.98,0.0,0.0
Enterprise,monthly,3-4,600-1000,contraction,1,990.0,842.3,0.0,147.70000000000005
Enterprise,monthly,3-4,600-1000,expansion,2,1980.0,2286.7799999999997,306.78,0.0
Enterprise,monthly,3-4,600-1000,flat,13,12480.52,12480.52,0.0,0.0
Enterprise,monthly,5-8,1000+,flat,15,17153.93,17153.93,0.0,0.0
Enterprise,monthly,5-8,600-1000,expansion,1,990.0,1068.67,78.67000000000007,0.0
Enterprise,monthly,5-8,600-1000,flat,7,5707.9400000000005,5707.9400000000005,0.0,0.0
Enterprise,monthly,9+,1000+,expansion,1,1068.67,1233.19,164.51999999999998,0.0
Enterprise,monthly,9+,1000+,flat,3,3393.41,3393.41,0.0,0.0
Enterprise,monthly,9+,600-1000,flat,3,2385.7799999999997,2385.7799999999997,0.0,0.0
SMB,annual,2,100-300,expansion,5,749.5999999999999,858.73,109.13000000000005,0.0
SMB,annual,2,100-300,flat,21,3148.3200000000006,3148.3200000000006,0.0,0.0
SMB,monthly,2,100-300,contraction,4,796.0,666.74,0.0,129.26000000000002
SMB,monthly,2,100-300,expansion,23,4577.0,5209.149999999999,632.1500000000001,0.0
SMB,monthly,2,100-300,flat,106,21094.0,21094.0,0.0,0.0
SMB,monthly,3-4,100-300,contraction,5,1037.69,903.91,0.0,133.78
SMB,monthly,3-4,100-300,expansion,34,6838.29,7836.44,998.1499999999996,0.0
SMB,monthly,3-4,100-300,flat,172,35254.43,35254.43,0.0,0.0
SMB,monthly,5-8,100-300,contraction,12,2535.4100000000003,2201.38,0.0,334.03
SMB,monthly,5-8,100-300,expansion,39,8516.29,9649.479999999998,1133.1899999999998,0.0
SMB,monthly,5-8,100-300,flat,176,38102.23000000002,38102.23000000002,0.0,0.0
SMB,monthly,5-8,300-600,expansion,2,690.37,809.21,118.83999999999997,0.0
SMB,monthly,5-8,300-600,flat,1,309.55,309.55,0.0,0.0
SMB,monthly,9+,100-300,contraction,5,1136.3200000000002,939.8700000000001,0.0,196.45
SMB,monthly,9+,100-300,expansion,23,5100.900000000001,5872.49,771.59,0.0
SMB,monthly,9+,100-300,flat,113,25752.610000000015,25752.610000000015,0.0,0.0
SMB,monthly,9+,300-600,expansion,3,1060.97,1214.6299999999999,153.6599999999999,0.0
SMB,monthly,9+,300-600,flat,13,5092.709999999999,5092.709999999999,0.0,0.0
