month_index,month_end,segment,actual_mrr,projected_mrr,ape_mrr_pct,actual_customers,projected_customers,ape_customers_pct
1,2023-11-30,B2C,43207.5,42478.468832021,1.6872792176798077,1011.0,993.0682414698163,1.773665532164564
1,2023-11-30,SMB,31906.90999999992,30959.157665899882,2.970367027393252,180.0,175.53186274509804,2.482298474945534
1,2023-11-30,Enterprise,48595.42,45578.796842105265,6.207628533501168,57.0,53.70175438596492,5.786395814096635
1,2023-11-30,B2B,80502.32999999991,76537.95450800515,4.924547515574732,237.0,229.23361713106294,3.276954797019856
1,2023-11-30,Total,123709.82999999991,119016.42334002614,3.793883363976633,1248.0,1222.3018586008793,2.0591459454423626
2,2023-12-31,B2C,46929.75,45408.108915847464,3.2423805457146813,1104.0,1065.5532431805605,3.4824960887173497
2,2023-12-31,SMB,34742.6199999999,33873.37932318524,2.501943367583284,195.0,191.70867574971166,1.6878585898914567
2,2023-12-31,Enterprise,55773.85,50281.55506925208,9.847437339806955,66.0,59.364727608494924,10.053443017431933
2,2023-12-31,B2B,90516.4699999999,84154.93439243731,7.028042087326866,261.0,251.07340335820658,3.8032937324879015
2,2023-12-31,Total,137446.2199999999,129563.04330828477,5.735462708043295,1365.0,1316.626646538767,3.5438354184053416
3,2024-01-31,B2C,50475.25,48179.374818231605,4.548516712187448,1195.0,1134.8061187394208,5.03714487536228
3,2024-01-31,SMB,39112.98999999988,36746.1207652097,6.051363587366215,219.0,207.55393495254938,5.226513720297085
3,2024-01-31,Enterprise,63502.450000000004,54952.44400933081,13.46405688389849,75.0,64.99300189532002,13.342664139573307
3,2024-01-31,B2B,102615.43999999989,91698.56477454051,10.638628285820714,294.0,272.5469368478694,7.296960255826733
3,2024-01-31,Total,153090.6899999999,139877.9395927721,8.630668793267436,1489.0,1407.35305558729,5.4833407933317595
4,2024-02-29,B2C,55188.0,50807.78526911355,7.936897026321757,1314.0,1201.143576920685,8.588768879704332
4,2024-02-29,SMB,43879.93999999985,39581.00503496511,9.797039296395479,247.0,223.08958141402286,9.680331411326778
4,2024-02-29,Enterprise,71025.02,59594.81832413809,16.093204445224956,84.0,70.5902297659881,15.964012183347501
4,2024-02-29,B2B,114904.95999999985,99175.8233591032,13.688823042013734,331.0,293.679811180011,11.274981516612998
4,2024-02-29,Total,170092.95999999985,149983.60862821675,11.82256536177812,1645.0,1494.8233881006959,9.129277319106635
5,2024-03-31,B2C,59468.5,53307.33835297994,10.360378430631446,1420.0,1264.8512929179583,10.925965287467726
5,2024-03-31,SMB,48990.78999999982,42381.46400776027,13.490956141428983,275.0,238.33610421260465,13.332325740871035
5,2024-03-31,Enterprise,78945.02,64211.67955317619,18.662786388329263,93.0,76.15967926430514,18.107871758811676
5,2024-03-31,B2B,127935.80999999982,106593.14356093646,16.682324080383275,368.0,314.4957834769098,14.539189272578854
5,2024-03-31,Total,187404.30999999982,159900.4819139164,14.676198261439911,1788.0,1579.347076394868,11.669626599839594
6,2024-04-30,B2C,64365.0,55690.66051349284,13.476795597773883,1536.0,1326.1869492549563,13.659703824547117
6,2024-04-30,SMB,53869.3699999998,45150.74932150281,16.184745948387782,303.0,253.31263653186858,16.398469791462517
6,2024-04-30,Enterprise,86474.72000000002,68805.7132844208,20.432568865882672,102.0,81.704274429466,19.8977701671902
6,2024-04-30,B2B,140344.08999999982,113956.4626059236,18.80209376403114,405.0,335.0169109613346,17.27977507127541
6,2024-04-30,Total,204709.08999999982,169647.12311941644,17.12770394347579,1941.0,1661.2038602162906,14.415050993493528
