month,segment,revenue,active_customers,cs_salaries,infrastructure,content_production,cogs_content,cogs_cs_salaries_base,cogs_infrastructure_base,cogs_total_base,gross_profit_base,gm_pct_base,cogs_cs_salaries_sens_customer_weighted,cogs_infrastructure_sens_customer_weighted,cogs_total_sens_customer_weighted,gross_profit_sens_customer_weighted,gm_pct_sens_customer_weighted
2023-01-31,B2C,3969.0,90,30417.51,19317.85,23288.62,12901.28,16850.5,10701.58,40453.36,-36484.36,-9.1923,27104.71,17213.93,57219.92,-53250.92,-13.4167
2023-01-31,SMB,1545.6,9,30417.51,19317.85,23288.62,5023.99,6561.89,4167.39,15753.27,-14207.67,-9.1923,2710.47,1721.39,9455.86,-7910.26,-5.1179
2023-01-31,Enterprise,1650.0,2,30417.51,19317.85,23288.62,5363.35,7005.12,4448.88,16817.35,-15167.35,-9.1923,602.33,382.53,6348.2,-4698.2,-2.8474
2023-01-31,B2B,3195.6,11,30417.51,19317.85,23288.62,10387.34,13567.01,8616.27,32570.62,-29375.02,-9.1923,3312.8,2103.92,15804.06,-12608.46,-3.9456
2023-01-31,Total,7164.6,101,30417.51,19317.85,23288.62,23288.62,30417.51,19317.85,73023.98,-65859.38,-9.1923,30417.51,19317.85,73023.98,-65859.38,-9.1923
2023-02-28,B2C,7316.75,167,33890.33,17941.03,26492.33,13108.04,16768.47,8876.97,38753.48,-31436.73,-4.2965,29024.03,15364.88,57496.95,-50180.2,-6.8583
2023-02-28,SMB,4005.9500000000007,24,33890.33,17941.03,26492.33,7176.7,9180.8,4860.18,21217.69,-17211.74,-4.2965,4171.12,2208.13,13555.95,-9550.0,-2.384
2023-02-28,Enterprise,3465.0,4,33890.33,17941.03,26492.33,6207.59,7941.06,4203.88,18352.52,-14887.52,-4.2965,695.19,368.02,7270.79,-3805.79,-1.0984
2023-02-28,B2B,7470.950000000001,28,33890.33,17941.03,26492.33,13384.29,17121.86,9064.06,39570.21,-32099.26,-4.2965,4866.3,2576.15,20826.74,-13355.79,-1.7877
2023-02-28,Total,14787.7,195,33890.33,17941.03,26492.33,26492.33,33890.33,17941.03,78323.69,-63535.99,-4.2965,33890.33,17941.03,78323.69,-63535.99,-4.2965
2023-03-31,B2C,11562.25,262,34952.8,20105.1,28516.62,12602.08,15446.36,8884.86,36933.3,-25371.05,-2.1943,29445.77,16937.42,58985.26,-47423.01,-4.1015
2023-03-31,SMB,6846.390000000001,40,34952.8,20105.1,28516.62,7462.11,9146.3,5261.02,21869.42,-15023.03,-2.1943,4495.54,2585.86,14543.51,-7697.12,-1.1243
2023-03-31,Enterprise,7755.0,9,34952.8,20105.1,28516.62,8452.43,10360.14,5959.23,24771.8,-17016.8,-2.1943,1011.5,581.82,10045.75,-2290.75,-0.2954
2023-03-31,B2B,14601.390000000001,49,34952.8,20105.1,28516.62,15914.54,19506.44,11220.24,46641.22,-32039.83,-2.1943,5507.03,3167.68,24589.26,-9987.87,-0.684
2023-03-31,Total,26163.64,311,34952.8,20105.1,28516.62,28516.62,34952.8,20105.1,83574.52,-57410.88,-2.1943,34952.8,20105.1,83574.52,-57410.88,-2.1943
2023-04-30,B2C,15470.0,353,35632.22,21192.85,29590.04,13164.73,15852.92,9428.79,38446.43,-22976.43,-1.4852,30163.49,17940.23,61268.45,-45798.45,-2.9605
2023-04-30,SMB,9071.54,52,35632.22,21192.85,29590.04,7719.74,9296.08,5529.0,22544.82,-13473.28,-1.4852,4443.35,2642.75,14805.84,-5734.3,-0.6321
2023-04-30,Enterprise,10230.0,12,35632.22,21192.85,29590.04,8705.57,10483.22,6235.07,25423.85,-15193.85,-1.4852,1025.39,609.87,10340.82,-110.82,-0.0108
2023-04-30,B2B,19301.54,64,35632.22,21192.85,29590.04,16425.31,19779.3,11764.06,47968.68,-28667.14,-1.4852,5468.73,3252.62,25146.66,-5845.12,-0.3028
2023-04-30,Total,34771.54,417,35632.22,21192.85,29590.04,29590.04,35632.22,21192.85,86415.11,-51643.57,-1.4852,35632.22,21192.85,86415.11,-51643.57,-1.4852
2023-05-31,B2C,18905.25,435,36921.85,22739.58,28251.22,11244.41,14695.45,9050.7,34990.56,-16085.31,-0.8508,30534.23,18805.55,60584.19,-41678.94,-2.2046
2023-05-31,SMB,12588.580000000002,72,36921.85,22739.58,28251.22,7487.4,9785.37,6026.65,23299.43,-10710.85,-0.8508,5053.94,3112.64,15653.98,-3065.4,-0.2435
2023-05-31,Enterprise,16005.0,19,36921.85,22739.58,28251.22,9519.41,12441.03,7662.23,29622.67,-13617.67,-0.8508,1333.68,821.39,11674.48,4330.52,0.2706
2023-05-31,B2B,28593.58,91,36921.85,22739.58,28251.22,17006.81,22226.4,13688.88,52922.09,-24328.51,-0.8508,6387.62,3934.03,27328.46,1265.12,0.0442
2023-05-31,Total,47498.83,526,36921.85,22739.58,28251.22,28251.22,36921.85,22739.58,87912.65,-40413.82,-0.8508,36921.85,22739.58,87912.65,-40413.82,-0.8508
2023-06-30,B2C,22832.25,528,37974.5,24009.13,30976.46,12476.11,15294.65,9669.94,37440.7,-14608.45,-0.6398,31476.51,19900.82,63853.44,-41021.19,-1.7966
2023-06-30,SMB,15212.070000000002,87,37974.5,24009.13,30976.46,8312.25,10190.12,6442.63,24945.01,-9732.94,-0.6398,5186.47,3279.11,16777.84,-1565.77,-0.1029
2023-06-30,Enterprise,18645.0,22,37974.5,24009.13,30976.46,10188.09,12489.73,7896.55,30574.38,-11929.38,-0.6398,1311.52,829.2,12328.82,6316.18,0.3388
2023-06-30,B2B,33857.07,109,37974.5,24009.13,30976.46,18500.35,22679.85,14339.19,55519.39,-21662.32,-0.6398,6497.99,4108.31,29106.65,4750.42,0.1403
2023-06-30,Total,56689.32,637,37974.5,24009.13,30976.46,30976.46,37974.5,24009.13,92960.09,-36270.77,-0.6398,37974.5,24009.13,92960.09,-36270.77,-0.6398
2023-07-31,B2C,27126.75,624,37494.55,24486.54,33426.7,12947.4,14523.03,9484.55,36954.98,-9828.23,-0.3623,30825.56,20131.23,63904.19,-36777.44,-1.3558
2023-07-31,SMB,18622.129999999986,106,37494.55,24486.54,33426.7,8888.21,9969.85,6511.01,25369.07,-6746.94,-0.3623,5236.39,3419.73,17544.33,1077.8,0.0579
2023-07-31,Enterprise,24285.079999999998,29,37494.55,24486.54,33426.7,11591.09,13001.67,8490.99,33083.75,-8798.67,-0.3623,1432.6,935.59,13959.28,10325.8,0.4252
2023-07-31,B2B,42907.209999999985,135,37494.55,24486.54,33426.7,20479.3,22971.52,15001.99,58452.81,-15545.6,-0.3623,6668.99,4355.31,31503.6,11403.61,0.2658
2023-07-31,Total,70033.95999999999,759,37494.55,24486.54,33426.7,33426.7,37494.55,24486.54,95407.79,-25373.83,-0.3623,37494.55,24486.54,95407.79,-25373.83,-0.3623
2023-08-31,B2C,31052.0,716,39569.58,22803.31,34156.26,13053.31,15122.09,8714.62,36890.03,-5838.03,-0.188,32490.62,18723.82,64267.75,-33215.75,-1.0697
2023-08-31,SMB,21544.289999999968,122,39569.58,22803.31,34156.26,9056.56,10491.91,6046.32,25594.79,-4050.5,-0.188,5536.11,3190.37,17783.05,3761.24,0.1746
2023-08-31,Enterprise,28656.649999999998,34,39569.58,22803.31,34156.26,12046.38,13955.58,8042.37,34044.33,-5387.68,-0.188,1542.85,889.12,14478.35,14178.3,0.4948
2023-08-31,B2B,50200.939999999966,156,39569.58,22803.31,34156.26,21102.95,24447.49,14088.69,59639.12,-9438.18,-0.188,7078.96,4079.49,32261.4,17939.54,0.3574
2023-08-31,Total,81252.93999999996,872,39569.58,22803.31,34156.26,34156.26,39569.58,22803.31,96529.15,-15276.21,-0.188,39569.58,22803.31,96529.15,-15276.21,-0.188
2023-09-30,B2C,35045.5,811,42424.68,26101.89,32939.87,12109.35,15596.15,9595.57,37301.08,-2255.58,-0.0644,34579.31,21275.01,67963.67,-32918.17,-0.9393
2023-09-30,SMB,25455.829999999947,143,42424.68,26101.89,32939.87,8795.81,11328.5,6969.89,27094.2,-1638.37,-0.0644,6097.22,3751.33,18644.35,6811.48,0.2676
2023-09-30,Enterprise,34829.49,41,42424.68,26101.89,32939.87,12034.71,15500.02,9536.43,37071.16,-2241.67,-0.0644,1748.15,1075.56,14858.42,19971.07,0.5734
2023-09-30,B2B,60285.31999999995,184,42424.68,26101.89,32939.87,20830.52,26828.53,16506.32,64165.36,-3880.04,-0.0644,7845.37,4826.88,33502.77,26782.55,0.4443
2023-09-30,Total,95330.81999999993,995,42424.68,26101.89,32939.87,32939.87,42424.68,26101.89,101466.44,-6135.62,-0.0644,42424.68,26101.89,101466.44,-6135.62,-0.0644
2023-10-31,B2C,39373.25,917,42975.93,25048.67,34486.15,12547.73,15636.73,9113.92,37298.39,2074.86,0.0527,35061.32,20435.61,68044.67,-28671.42,-0.7282
2023-10-31,SMB,27999.629999999943,159,42975.93,25048.67,34486.15,8923.11,11119.8,6481.21,26524.12,1475.51,0.0527,6079.34,3543.36,18545.81,9453.82,0.3376
2023-10-31,Enterprise,40840.41999999999,48,42975.93,25048.67,34486.15,13015.3,16219.4,9453.53,38688.24,2152.18,0.0527,1835.27,1069.69,15920.27,24920.15,0.6102
2023-10-31,B2B,68840.04999999993,207,42975.93,25048.67,34486.15,21938.42,27339.2,15934.75,65212.36,3627.69,0.0527,7914.61,4613.06,34466.08,34373.97,0.4993
2023-10-31,Total,108213.29999999993,1124,42975.93,25048.67,34486.15,34486.15,42975.93,25048.67,102510.75,5702.55,0.0527,42975.93,25048.67,102510.75,5702.55,0.0527
2023-11-30,B2C,43207.5,1011,45673.15,24504.86,36269.25,12667.58,15952.03,8558.69,37178.29,6029.21,0.1395,36999.64,19851.29,69518.51,-26311.01,-0.6089
2023-11-30,SMB,31906.909999999916,180,45673.15,24504.86,36269.25,9354.47,11779.9,6320.23,27454.59,4452.32,0.1395,6587.47,3534.35,19476.3,12430.61,0.3896
2023-11-30,Enterprise,48595.42,57,45673.15,24504.86,36269.25,14247.21,17941.23,9625.94,41814.38,6781.04,0.1395,2086.03,1119.21,17452.45,31142.97,0.6409
2023-11-30,B2B,80502.32999999991,237,45673.15,24504.86,36269.25,23601.67,29721.12,15946.17,69268.97,11233.36,0.1395,8673.51,4653.57,36928.75,43573.58,0.5413
2023-11-30,Total,123709.82999999991,1248,45673.15,24504.86,36269.25,36269.25,45673.15,24504.86,106447.26,17262.57,0.1395,45673.15,24504.86,106447.26,17262.57,0.1395
2023-12-31,B2C,46929.75,1104,45316.66,27116.83,36450.78,12445.78,15472.96,9258.79,37177.53,9752.22,0.2078,36651.72,21931.85,71029.35,-24099.6,-0.5135
2023-12-31,SMB,34742.61999999989,195,45316.66,27116.83,36450.78,9213.75,11454.8,6854.39,27522.95,7219.67,0.2078,6473.81,3873.83,19561.39,15181.23,0.437
2023-12-31,Enterprise,55773.85,66,45316.66,27116.83,36450.78,14791.24,18388.9,11003.65,44183.79,11590.06,0.2078,2191.14,1311.14,18293.52,37480.33,0.672
2023-12-31,B2B,90516.46999999988,261,45316.66,27116.83,36450.78,24005.0,29843.7,17858.04,71706.74,18809.73,0.2078,8664.94,5184.98,37854.92,52661.55,0.5818
2023-12-31,Total,137446.21999999988,1365,45316.66,27116.83,36450.78,36450.78,45316.66,27116.83,108884.27,28561.95,0.2078,45316.66,27116.83,108884.27,28561.95,0.2078
2024-01-31,B2C,50475.25,1195,44168.09,25386.41,36211.43,11939.2,14562.58,8370.11,34871.89,15603.36,0.3091,35447.19,20373.92,67760.31,-17285.06,-0.3424
2024-01-31,SMB,39112.989999999874,219,44168.09,25386.41,36211.43,9251.62,11284.46,6485.95,27022.03,12090.96,0.3091,6496.18,3733.8,19481.6,19631.39,0.5019
2024-01-31,Enterprise,63502.45,75,44168.09,25386.41,36211.43,15020.6,18321.05,10530.35,43872.01,19630.44,0.3091,2224.72,1278.7,18524.02,44978.43,0.7083
2024-01-31,B2B,102615.43999999987,294,44168.09,25386.41,36211.43,24272.23,29605.51,17016.3,70894.04,31721.4,0.3091,8720.9,5012.49,38005.62,64609.82,0.6296
2024-01-31,Total,153090.6899999999,1489,44168.09,25386.41,36211.43,36211.43,44168.09,25386.41,105765.93,47324.76,0.3091,44168.09,25386.41,105765.93,47324.76,0.3091
2024-02-29,B2C,55188.0,1314,48707.77,27762.18,39864.83,12934.46,15803.62,9007.66,37745.74,17442.26,0.3161,38907.0,22175.99,74017.45,-18829.45,-0.3412
2024-02-29,SMB,43879.939999999864,247,48707.77,27762.18,39864.83,10284.18,12565.45,7161.98,30011.61,13868.33,0.3161,7313.57,4168.55,21766.29,22113.65,0.504
2024-02-29,Enterprise,71025.02,84,48707.77,27762.18,39864.83,16646.19,20338.7,11592.54,48577.44,22447.58,0.3161,2487.21,1417.64,20551.04,50473.98,0.7107
2024-02-29,B2B,114904.95999999988,331,48707.77,27762.18,39864.83,26930.37,32904.15,18754.52,78589.04,36315.92,0.3161,9800.77,5586.19,42317.33,72587.63,0.6317
2024-02-29,Total,170092.95999999985,1645,48707.77,27762.18,39864.83,39864.83,48707.77,27762.18,116334.78,53758.18,0.3161,48707.77,27762.18,116334.78,53758.18,0.3161
2024-03-31,B2C,59468.5,1420,47666.62,29706.84,39445.36,12517.09,15125.92,9426.79,37069.8,22398.7,0.3766,37856.04,23592.68,73965.81,-14497.31,-0.2438
2024-03-31,SMB,48990.78999999984,275,47666.62,29706.84,39445.36,10311.71,12460.89,7765.89,30538.5,18452.29,0.3766,7331.28,4569.01,22211.99,26778.8,0.5466
2024-03-31,Enterprise,78945.02,93,47666.62,29706.84,39445.36,16616.56,20079.81,12514.16,49210.52,29734.5,0.3766,2479.3,1545.15,20641.02,58304.0,0.7385
2024-03-31,B2B,127935.80999999985,368,47666.62,29706.84,39445.36,26928.27,32540.7,20280.05,79749.02,48186.79,0.3766,9810.58,6114.16,42853.01,85082.8,0.665
2024-03-31,Total,187404.30999999982,1788,47666.62,29706.84,39445.36,39445.36,47666.62,29706.84,116818.82,70585.49,0.3766,47666.62,29706.84,116818.82,70585.49,0.3766
2024-04-30,B2C,64365.0,1536,47709.67,30597.71,42620.05,13400.67,15000.96,9620.59,38022.22,26342.78,0.4093,37754.79,24213.33,75368.8,-11003.8,-0.171
2024-04-30,SMB,53869.36999999981,303,47709.67,30597.71,42620.05,11215.5,12554.84,8051.81,31822.16,22047.21,0.4093,7447.72,4776.46,23439.68,30429.69,0.5649
2024-04-30,Enterprise,86474.72,102,47709.67,30597.71,42620.05,18003.88,20153.87,12925.31,51083.05,35391.67,0.4093,2507.15,1607.92,22118.95,64355.77,0.7442
2024-04-30,B2B,140344.08999999982,405,47709.67,30597.71,42620.05,29219.38,32708.71,20977.12,82905.21,57438.88,0.4093,9954.88,6384.38,45558.63,94785.46,0.6754
2024-04-30,Total,204709.08999999982,1941,47709.67,30597.71,42620.05,42620.05,47709.67,30597.71,120927.43,83781.66,0.4093,47709.67,30597.71,120927.43,83781.66,0.4093
