strategy,case,segment,mrr_delta_m6,mrr_delta_pct_m6,mrr_delta_m12,mrr_delta_pct_m12,ndr_delta_pp_m6,ndr_delta_pp_m12,effort,time_to_impact_months,kpi,risk
strategy_1_engagement_alert,low,B2C,2244.6656202216545,2.7428503246615943,3720.849320424706,3.87890910648494,2.4016053796866332,2.5457718475235036,Low,1,"Save rate on flagged subs; # flagged/month; realized churn rate vs. predicted","D-18 caveat: same-period engagement signal, expect production AUC ~0.70-0.85, not the in-sample 0.9997; false-positive outreach cost"
strategy_1_engagement_alert,low,SMB,1085.9461566958926,1.4389531595108584,2035.0134583967738,2.1304761447654252,1.5168070062278605,2.060267221180234,Low,1,"Save rate on flagged subs; # flagged/month; realized churn rate vs. predicted","D-18 caveat: same-period engagement signal, expect production AUC ~0.70-0.85, not the in-sample 0.9997; false-positive outreach cost"
strategy_1_engagement_alert,low,Enterprise,432.416289765446,0.3424438368032634,851.8110654033662,0.5224628730766678,0.3718384888687587,0.5304903901859115,Low,1,"Save rate on flagged subs; # flagged/month; realized churn rate vs. predicted","D-18 caveat: same-period engagement signal, expect production AUC ~0.70-0.85, not the in-sample 0.9997; false-positive outreach cost"
strategy_1_engagement_alert,low,Total,3763.0280666829785,1.326979797777117,6607.673844224832,1.864036704407468,1.3113408755359157,1.5667008736959254,Low,1,"Save rate on flagged subs; # flagged/month; realized churn rate vs. predicted","D-18 caveat: same-period engagement signal, expect production AUC ~0.70-0.85, not the in-sample 0.9997; false-positive outreach cost"
strategy_1_engagement_alert,base,B2C,4603.142672025337,5.624771573407705,7815.087197732093,8.147068125778546,4.947759122601303,5.440836143698558,Low,1,"Save rate on flagged subs; # flagged/month; realized churn rate vs. predicted","D-18 caveat: same-period engagement signal, expect production AUC ~0.70-0.85, not the in-sample 0.9997; false-positive outreach cost"
strategy_1_engagement_alert,base,SMB,2210.345426922606,2.928859332545475,4217.371931464615,4.415209273685705,3.0947535175822827,4.307658376633294,Low,1,"Save rate on flagged subs; # flagged/month; realized churn rate vs. predicted","D-18 caveat: same-period engagement signal, expect production AUC ~0.70-0.85, not the in-sample 0.9997; false-positive outreach cost"
strategy_1_engagement_alert,base,Enterprise,876.5220835892978,0.6941449534889843,1750.6588127623836,1.0737759466175723,0.755164285722143,1.097704643476094,Low,1,"Save rate on flagged subs; # flagged/month; realized churn rate vs. predicted","D-18 caveat: same-period engagement signal, expect production AUC ~0.70-0.85, not the in-sample 0.9997; false-positive outreach cost"
strategy_1_engagement_alert,base,Total,7690.010182537197,2.7117757231936324,13783.117941959063,3.888242420960908,2.6890723728267285,3.3079818927479576,Low,1,"Save rate on flagged subs; # flagged/month; realized churn rate vs. predicted","D-18 caveat: same-period engagement signal, expect production AUC ~0.70-0.85, not the in-sample 0.9997; false-positive outreach cost"
strategy_1_engagement_alert,high,B2C,7080.389343824849,8.651822362977502,12321.702476070539,12.845122128292097,7.645339097195391,8.728231078449777,Low,1,"Save rate on flagged subs; # flagged/month; realized churn rate vs. predicted","D-18 caveat: same-period engagement signal, expect production AUC ~0.70-0.85, not the in-sample 0.9997; false-positive outreach cost"
strategy_1_engagement_alert,high,SMB,3374.347993254807,4.4712425899241515,6557.770102045688,6.865395758252668,4.7357953709199485,6.757498548135821,Low,1,"Save rate on flagged subs; # flagged/month; realized churn rate vs. predicted","D-18 caveat: same-period engagement signal, expect production AUC ~0.70-0.85, not the in-sample 0.9997; false-positive outreach cost"
strategy_1_engagement_alert,high,Enterprise,1332.5850810250704,1.0553153496149381,2699.145822357299,1.655535527158114,1.1502595578249286,1.7039395447884131,Low,1,"Save rate on flagged subs; # flagged/month; realized churn rate vs. predicted","D-18 caveat: same-period engagement signal, expect production AUC ~0.70-0.85, not the in-sample 0.9997; false-positive outreach cost"
strategy_1_engagement_alert,high,Total,11787.322418104683,4.156636209332842,21578.618400473497,6.087367154787837,4.135990918925936,5.2423782351869175,Low,1,"Save rate on flagged subs; # flagged/month; realized churn rate vs. predicted","D-18 caveat: same-period engagement signal, expect production AUC ~0.70-0.85, not the in-sample 0.9997; false-positive outreach cost"
strategy_2_annual_migration,low,B2C,-455.9091774998669,-0.5570943949318563,754.7242111521919,0.7867845116578787,-0.3292311157540029,1.2959363242616706,Medium,6,Monthly->annual conversion rate; cash collected upfront; blended B2C ARPA,Short-term MRR dilution (49->33.25); cannibalizes monthly MRR before the churn benefit compounds; refund/cancellation risk on annual prepay
strategy_2_annual_migration,low,Total,-455.9091774998815,-0.1607700653417643,754.7242111521773,0.21290906065563053,-0.10351743914012168,0.40747062825154945,Medium,6,Monthly->annual conversion rate; cash collected upfront; blended B2C ARPA,Short-term MRR dilution (49->33.25); cannibalizes monthly MRR before the churn benefit compounds; refund/cancellation risk on annual prepay
strategy_2_annual_migration,base,B2C,-849.6398181727272,-1.03821024838896,1529.2761452557315,1.594239017850252,-0.5843844054982394,2.557484202426019,Medium,6,Monthly->annual conversion rate; cash collected upfront; blended B2C ARPA,Short-term MRR dilution (49->33.25); cannibalizes monthly MRR before the churn benefit compounds; refund/cancellation risk on annual prepay
strategy_2_annual_migration,base,Total,-849.6398181727272,-0.29961372972061584,1529.276145255717,0.431411557703143,-0.18374319508670522,0.8041287794750662,Medium,6,Monthly->annual conversion rate; cash collected upfront; blended B2C ARPA,Short-term MRR dilution (49->33.25); cannibalizes monthly MRR before the churn benefit compounds; refund/cancellation risk on annual prepay
strategy_2_annual_migration,high,B2C,-1186.6522490534699,-1.4500197611862164,2308.591008332165,2.4066587798150296,-0.772870714211249,3.7726194348733144,Medium,6,Monthly->annual conversion rate; cash collected upfront; blended B2C ARPA,Short-term MRR dilution (49->33.25); cannibalizes monthly MRR before the churn benefit compounds; refund/cancellation risk on annual prepay
strategy_2_annual_migration,high,Total,-1186.6522490534699,-0.41845650193854667,2308.5910083321505,0.6512576856010144,-0.2430073990373649,1.186193783215106,Medium,6,Monthly->annual conversion rate; cash collected upfront; blended B2C ARPA,Short-term MRR dilution (49->33.25); cannibalizes monthly MRR before the churn benefit compounds; refund/cancellation risk on annual prepay
strategy_3_b2b_playbook,low,SMB,611.358961024147,0.8100925659496827,1372.1443808291224,1.4365118119825215,0.9054202399765066,1.63335071210714,Medium,3,Seats/account (SMB); Enterprise 2nd-renewal retention rate; expansion $ and contraction $ per WP22 waterfall,Small-n Enterprise base (WP20/22 caveat) means realized results can differ a lot from the point estimate; requires CSM/AM capacity
strategy_3_b2b_playbook,low,Enterprise,198.97170996632485,0.15757185237663673,456.72312218829757,0.2801335698850549,0.18491451335589382,0.34125112004859126,Medium,3,Seats/account (SMB); Enterprise 2nd-renewal retention rate; expansion $ and contraction $ per WP22 waterfall,Small-n Enterprise base (WP20/22 caveat) means realized results can differ a lot from the point estimate; requires CSM/AM capacity
strategy_3_b2b_playbook,low,B2B,810.3306709904864,0.40166795587170956,1828.86750301742,0.7073368102882949,0.4614718630415515,0.837207814779739,Medium,3,Seats/account (SMB); Enterprise 2nd-renewal retention rate; expansion $ and contraction $ per WP22 waterfall,Small-n Enterprise base (WP20/22 caveat) means realized results can differ a lot from the point estimate; requires CSM/AM capacity
strategy_3_b2b_playbook,low,Total,810.3306709904573,0.2857519026881361,1828.86750301742,0.5159268198599243,0.3163750504639129,0.5739714289490161,Medium,3,Seats/account (SMB); Enterprise 2nd-renewal retention rate; expansion $ and contraction $ per WP22 waterfall,Small-n Enterprise base (WP20/22 caveat) means realized results can differ a lot from the point estimate; requires CSM/AM capacity
strategy_3_b2b_playbook,base,SMB,1227.567108124058,1.626610636130632,2766.9870206851047,2.896786660609796,1.8187882219931617,3.2984100689215867,Medium,3,Seats/account (SMB); Enterprise 2nd-renewal retention rate; expansion $ and contraction $ per WP22 waterfall,Small-n Enterprise base (WP20/22 caveat) means realized results can differ a lot from the point estimate; requires CSM/AM capacity
strategy_3_b2b_playbook,base,Enterprise,331.7886151039711,0.2627536682891396,762.0122831645422,0.4673843096806074,0.30836405783448706,0.5694556206486401,Medium,3,Seats/account (SMB); Enterprise 2nd-renewal retention rate; expansion $ and contraction $ per WP22 waterfall,Small-n Enterprise base (WP20/22 caveat) means realized results can differ a lot from the point estimate; requires CSM/AM capacity
strategy_3_b2b_playbook,base,B2B,1559.3557232280436,0.7729476968461046,3528.999303849647,1.3648835177924035,0.8881219810644936,1.6169315555965236,Medium,3,Seats/account (SMB); Enterprise 2nd-renewal retention rate; expansion $ and contraction $ per WP22 waterfall,Small-n Enterprise base (WP20/22 caveat) means realized results can differ a lot from the point estimate; requires CSM/AM capacity
strategy_3_b2b_playbook,base,Total,1559.3557232280145,0.5498852268980503,3528.999303849647,0.9955370660362561,0.6088770715628522,1.1085330297862073,Medium,3,Seats/account (SMB); Enterprise 2nd-renewal retention rate; expansion $ and contraction $ per WP22 waterfall,Small-n Enterprise base (WP20/22 caveat) means realized results can differ a lot from the point estimate; requires CSM/AM capacity
strategy_3_b2b_playbook,high,SMB,1848.6566683064302,2.449596913537655,4184.894486273304,4.381208308268247,2.7401596603035427,4.995736693559749,Medium,3,Seats/account (SMB); Enterprise 2nd-renewal retention rate; expansion $ and contraction $ per WP22 waterfall,Small-n Enterprise base (WP20/22 caveat) means realized results can differ a lot from the point estimate; requires CSM/AM capacity
strategy_3_b2b_playbook,high,Enterprise,464.7409337645222,0.3680427223594629,1067.948663557443,0.6550320249671726,0.431952309423711,0.7982246015798222,Medium,3,Seats/account (SMB); Enterprise 2nd-renewal retention rate; expansion $ and contraction $ per WP22 waterfall,Small-n Enterprise base (WP20/22 caveat) means realized results can differ a lot from the point estimate; requires CSM/AM capacity
strategy_3_b2b_playbook,high,B2B,2313.397602070967,1.146714198546328,5252.843149830704,2.0316011479321494,1.3179295944042435,2.4093885056839515,Medium,3,Seats/account (SMB); Enterprise 2nd-renewal retention rate; expansion $ and contraction $ per WP22 waterfall,Small-n Enterprise base (WP20/22 caveat) means realized results can differ a lot from the point estimate; requires CSM/AM capacity
strategy_3_b2b_playbook,high,Total,2313.397602070938,0.8157876656179619,5252.843149830704,1.48183652289946,0.9035438026261278,1.6518242413498752,Medium,3,Seats/account (SMB); Enterprise 2nd-renewal retention rate; expansion $ and contraction $ per WP22 waterfall,Small-n Enterprise base (WP20/22 caveat) means realized results can differ a lot from the point estimate; requires CSM/AM capacity
