method,segment,base_customers,start_mrr,expansion_mrr,contraction_mrr,churn_mrr,end_mrr,ndr,grr
M08_M09_M10,B2C,353,15470.0,0.0,0.0,8806.0,6664.0,0.4308,0.4308
M08_M09_M10,SMB,52,9071.54,1286.8,40.78,2171.57,8145.990000000002,0.898,0.7561
M08_M09_M10,Enterprise,12,10230.0,42.629999999999995,127.63999999999999,2805.0,7339.99,0.7175,0.7133
M08_M09_M10,B2B,64,19301.54,1329.43,168.42,4976.57,15485.980000000003,0.8023,0.7334
M08_M09_M10,Total,417,34771.539999999964,1329.43,168.42,13782.57,22149.979999999992,0.637,0.5988
renewal_crosscheck,B2C,5803,,0.0,0.0,,,,
renewal_crosscheck,SMB,757,,3916.7099999999987,793.5199999999999,,,,
renewal_crosscheck,Enterprise,75,,956.1899999999999,470.08000000000004,,,,
renewal_crosscheck,B2B,832,,4872.899999999998,1263.6,,,,
renewal_crosscheck,Total,6635,,4872.9,1263.6,,,,
