month_end,segment,opening_mrr,new_mrr,expansion_mrr,contraction_mrr,churn_mrr,closing_mrr,active_customers
2023-01-31,B2C,0.0,3969.0,,,,3969.0,90
2023-03-31,B2C,7316.75,4588.5,,,343.0,11562.25,262
2023-05-31,B2C,15470.0,4611.25,,,1176.0,18905.25,435
2023-09-30,B2C,31052.0,6443.5,,,2450.0,35045.5,811
2023-11-30,B2C,39373.25,6676.25,,,2842.0,43207.5,1011
2023-07-31,Enterprise,18645.0,5775.0,59.819999999999936,194.74,,24285.079999999998,29
2024-03-31,Enterprise,71025.02,8745.0,,,825.0,78945.02,93
2023-05-31,SMB,9071.54,3590.0400000000004,158.71999999999997,,231.72,12588.580000000002,72
2023-09-30,SMB,21544.289999999968,3840.8000000000006,461.46,64.87,325.85,25455.829999999947,143
2023-11-30,SMB,27999.629999999943,4236.120000000001,323.41999999999996,32.50999999999999,619.75,31906.909999999916,180
2023-03-31,SMB,4005.9500000000007,2840.4400000000005,,,,6846.390000000001,40
2023-01-31,SMB,0.0,1545.6,,,,1545.6,9
2023-04-30,B2C,11562.25,4740.75,,,833.0,15470.0,353
2023-04-30,SMB,6846.390000000001,2390.68,66.38999999999999,32.91999999999999,199.0,9071.54,52
2023-08-31,B2C,27126.75,5836.25,,,1911.0,31052.0,716
2023-08-31,SMB,18622.129999999986,3688.2000000000003,312.54,83.57999999999998,995.0,21544.289999999968,122
2023-08-31,Enterprise,24285.079999999998,4290.0,81.56999999999994,,,28656.649999999998,34
2023-07-31,B2C,22832.25,5372.5,,,1078.0,27126.75,624
2024-03-31,B2C,55188.0,8022.0,,,3741.5,59468.5,1420
2023-03-31,Enterprise,3465.0,4290.0,,,,7755.0,9
2023-05-31,Enterprise,10230.0,5775.0,,,,16005.0,19
2023-09-30,Enterprise,28656.649999999998,5940.0,232.83999999999992,,,34829.49,41
2023-11-30,Enterprise,40840.41999999999,7755.0,,,,48595.42,57
2023-07-31,SMB,15212.070000000002,3786.36,46.329999999999984,25.69999999999999,396.93,18622.129999999986,106
2024-03-31,SMB,43879.939999999864,5882.560000000001,390.3899999999999,50.82000000000002,1111.28,48990.78999999984,275
2023-01-31,Enterprise,0.0,1650.0,,,,1650.0,2
2023-02-28,B2C,3969.0,3739.75,,,392.0,7316.75,167
2023-10-31,B2C,35045.5,7071.75,,,2744.0,39373.25,917
2023-12-31,B2C,43207.5,7103.25,,,3381.0,46929.75,1104
2023-06-30,Enterprise,16005.0,4620.0,,,1980.0,18645.0,22
2024-01-31,Enterprise,55773.85,7755.0,121.30000000000007,147.70000000000005,,63502.45,75
2024-02-29,Enterprise,63502.45,8415.0,225.21000000000004,127.63999999999999,990.0,71025.02,84
2024-04-30,Enterprise,78945.02,8415.0,164.51999999999998,,1049.82,86474.72,102
2023-10-31,SMB,25455.829999999947,3739.9600000000005,176.82000000000002,75.19999999999999,1297.78,27999.629999999943,159
2023-12-31,SMB,31906.909999999916,4734.96,490.81000000000006,39.06,2351.0,34742.61999999989,195
2023-02-28,SMB,1545.6,2445.1200000000003,54.50999999999999,39.28,,4005.9500000000007,24
2023-04-30,Enterprise,7755.0,3465.0,,,990.0,10230.0,12
2023-06-30,B2C,18905.25,5544.0,,,1617.0,22832.25,528
2024-01-31,B2C,46929.75,7269.5,,,3724.0,50475.25,1195
2024-02-29,B2C,50475.25,8127.0,,,3414.25,55188.0,1314
2024-04-30,B2C,59468.5,8800.75,,,3904.25,64365.0,1536
2023-10-31,Enterprise,34829.49,5940.0,70.93000000000006,,,40840.41999999999,48
2023-12-31,Enterprise,48595.42,8250.0,,,1071.57,55773.85,66
2023-06-30,SMB,12588.580000000002,2941.2800000000007,127.71000000000001,47.5,398.0,15212.070000000002,87
2024-01-31,SMB,34742.61999999989,5481.880000000001,441.6200000000001,93.69000000000003,1459.4399999999998,39112.989999999874,219
2024-02-29,SMB,39112.989999999874,5634.480000000001,453.48,168.59,1152.42,43879.939999999864,247
2024-04-30,SMB,48990.78999999984,5487.240000000001,533.41,111.99999999999997,1030.0700000000002,53869.36999999981,303
2023-02-28,Enterprise,1650.0,1815.0,,,,3465.0,4
2023-01-31,Total,0.0,7164.6,,,,7164.6,101
2023-02-28,Total,7164.6,7999.870000000001,54.50999999999999,39.28,392.0,14787.7,195
2023-03-31,Total,14787.7,11718.94,,,343.0,26163.639999999985,311
2023-04-30,Total,26163.639999999985,10596.43,66.38999999999999,32.91999999999999,2022.0,34771.539999999964,417
2023-05-31,Total,34771.539999999964,13976.29,158.71999999999997,,1407.72,47498.82999999996,526
2023-06-30,Total,47498.82999999996,13105.28,127.71000000000001,47.5,3995.0,56689.31999999994,637
2023-07-31,Total,56689.31999999994,14933.86,106.14999999999992,220.44,1474.93,70033.95999999992,759
2023-08-31,Total,70033.95999999992,13814.45,394.1099999999999,83.57999999999998,2906.0,81252.93999999992,872
2023-09-30,Total,81252.93999999992,16224.300000000001,694.3,64.87,2775.85,95330.81999999988,995
2023-10-31,Total,95330.81999999988,16751.71,247.75000000000009,75.19999999999999,4041.7799999999997,108213.29999999984,1124
2023-11-30,Total,108213.29999999984,18667.37,323.41999999999996,32.50999999999999,3461.75,123709.82999999981,1248
2023-12-31,Total,123709.82999999981,20088.21,490.81000000000006,39.06,6803.57,137446.2199999999,1365
2024-01-31,Total,137446.2199999999,20506.379999999997,562.9200000000001,241.39000000000007,5183.4400000000005,153090.69000000003,1489
2024-02-29,Total,153090.69000000003,22176.479999999992,678.6899999999999,296.23,5556.67,170092.96000000025,1645
2024-03-31,Total,170092.96000000025,22649.55999999999,390.3899999999999,50.82000000000002,5677.780000000001,187404.3100000005,1788
2024-04-30,Total,187404.3100000005,22702.989999999994,697.93,111.99999999999997,5984.14,204709.09000000067,1941
2023-01-31,B2B,0.0,3195.6000000000004,,,,3195.6000000000004,11
2023-02-28,B2B,3195.6000000000004,4260.120000000001,54.50999999999999,39.28,,7470.950000000001,28
2023-03-31,B2B,7470.950000000001,7130.4400000000005,,,,14601.390000000001,49
2023-04-30,B2B,14601.390000000001,5855.68,66.38999999999999,32.91999999999999,1189.0,19301.54,64
2023-05-31,B2B,19301.54,9365.04,158.71999999999997,,231.72,28593.57999999997,91
2023-06-30,B2B,28593.57999999997,7561.280000000001,127.71000000000001,47.5,2378.0,33857.06999999995,109
2023-07-31,B2B,33857.06999999995,9561.36,106.14999999999992,220.44,396.93,42907.20999999994,135
2023-08-31,B2B,42907.20999999994,7978.200000000001,394.1099999999999,83.57999999999998,995.0,50200.93999999994,156
2023-09-30,B2B,50200.93999999994,9780.800000000001,694.3,64.87,325.85,60285.31999999989,184
2023-10-31,B2B,60285.31999999989,9679.960000000001,247.75000000000009,75.19999999999999,1297.78,68840.04999999986,207
2023-11-30,B2B,68840.04999999986,11991.12,323.41999999999996,32.50999999999999,619.75,80502.32999999984,237
2023-12-31,B2B,80502.32999999984,12984.960000000001,490.81000000000006,39.06,3422.5699999999997,90516.46999999983,261
2024-01-31,B2B,90516.46999999983,13236.880000000001,562.9200000000001,241.39000000000007,1459.4399999999998,102615.43999999978,294
2024-02-29,B2B,102615.43999999978,14049.480000000001,678.6899999999999,296.23,2142.42,114904.95999999974,331
2024-03-31,B2B,114904.95999999974,14627.560000000001,390.3899999999999,50.82000000000002,1936.28,127935.80999999974,368
2024-04-30,B2B,127935.80999999974,13902.240000000002,697.93,111.99999999999997,2079.89,140344.08999999982,405
