month,segment,marketing_spend,new_users_acquired_marketing
2023-01-01,B2C,34910.39,883
2023-01-01,SMB,9983.08,32
2023-01-01,Enterprise,20783.48,3
2023-01-01,B2B,30766.56,35
2023-01-01,Total,65676.95,918
2023-02-01,B2C,35631.91,972
2023-02-01,SMB,10224.53,29
2023-02-01,Enterprise,20808.64,3
2023-02-01,B2B,31033.170000000002,32
2023-02-01,Total,66665.08,1004
2023-03-01,B2C,37637.340000000004,979
2023-03-01,SMB,10822.69,33
2023-03-01,Enterprise,23749.68,3
2023-03-01,B2B,34572.369999999995,36
2023-03-01,Total,72209.70999999999,1015
2023-04-01,B2C,39862.86,1089
2023-04-01,SMB,12655.96,29
2023-04-01,Enterprise,23051.28,4
2023-04-01,B2B,35707.24,33
2023-04-01,Total,75570.1,1122
2023-05-01,B2C,41528.23,1285
2023-05-01,SMB,12882.539999999999,31
2023-05-01,Enterprise,27406.850000000002,7
2023-05-01,B2B,40289.39,38
2023-05-01,Total,81817.62,1323
2023-06-01,B2C,42979.979999999996,1151
2023-06-01,SMB,14571.619999999999,47
2023-06-01,Enterprise,27283.199999999997,3
2023-06-01,B2B,41854.82,50
2023-06-01,Total,84834.8,1201
2023-07-01,B2C,45244.56,1186
2023-07-01,SMB,13606.24,34
2023-07-01,Enterprise,26597.15,3
2023-07-01,B2B,40203.39,37
2023-07-01,Total,85447.95,1223
2023-08-01,B2C,51416.64000000001,1476
2023-08-01,SMB,14846.45,49
2023-08-01,Enterprise,32119.18,7
2023-08-01,B2B,46965.63,56
2023-08-01,Total,98382.27000000002,1532
2023-09-01,B2C,48319.66999999999,1329
2023-09-01,SMB,16753.149999999998,38
2023-09-01,Enterprise,30716.579999999998,4
2023-09-01,B2B,47469.729999999996,42
2023-09-01,Total,95789.4,1371
2023-10-01,B2C,48986.48,1301
2023-10-01,SMB,15108.2,40
2023-10-01,Enterprise,31745.34,6
2023-10-01,B2B,46853.54000000001,46
2023-10-01,Total,95840.02,1347
2023-11-01,B2C,55342.46000000001,1406
2023-11-01,SMB,18279.44,45
2023-11-01,Enterprise,35397.29,6
2023-11-01,B2B,53676.73,51
2023-11-01,Total,109019.19,1457
2023-12-01,B2C,57858.549999999996,1771
2023-12-01,SMB,19742.97,54
2023-12-01,Enterprise,36395.06,6
2023-12-01,B2B,56138.030000000006,60
2023-12-01,Total,113996.57999999999,1831
2024-01-01,B2C,57870.57,1536
2024-01-01,SMB,18499.93,42
2024-01-01,Enterprise,34985.17,6
2024-01-01,B2B,53485.1,48
2024-01-01,Total,111355.67000000001,1584
2024-02-01,B2C,58437.03999999999,1517
2024-02-01,SMB,21676.160000000003,71
2024-02-01,Enterprise,35195.39,5
2024-02-01,B2B,56871.55,76
2024-02-01,Total,115308.59,1593
2024-03-01,B2C,67535.4,1906
2024-03-01,SMB,20436.190000000002,55
2024-03-01,Enterprise,36408.06,10
2024-03-01,B2B,56844.25000000001,65
2024-03-01,Total,124379.65,1971
2024-04-01,B2C,66232.23000000001,1786
2024-04-01,SMB,23719.879999999997,66
2024-04-01,Enterprise,38593.24,6
2024-04-01,B2B,62313.119999999995,72
2024-04-01,Total,128545.35,1858
