segment,split,method,n_renewed,n_churned,n_ended,logo_rate,dollar_numerator,dollar_denominator,dollar_rate
B2C,all,M06_primary,1936,226,2162,0.8955,93635.5,104662.25,0.8946
B2C,annual,M06_primary,78,3,81,0.963,2593.5,2693.25,0.963
B2C,monthly,M06_primary,1858,223,2081,0.8928,91042.0,101969.0,0.8928
SMB,all,M06_primary,270,18,288,0.9375,59258.79999999999,62009.54999999996,0.9556
SMB,annual,M06_primary,22,1,23,0.9565,3391.5000000000005,3448.1600000000003,0.9836
SMB,monthly,M06_primary,248,17,265,0.9358,55867.3,58561.389999999985,0.954
Enterprise,all,M06_primary,31,2,33,0.9394,30443.539999999994,32187.36999999999,0.9458
Enterprise,annual,M06_primary,6,1,7,0.8571,4864.99,5775.0,0.8424
Enterprise,monthly,M06_primary,25,1,26,0.9615,25578.549999999996,26412.37,0.9684
B2B,all,M06_primary,301,20,321,0.9377,89702.33999999994,94196.91999999991,0.9523
B2B,annual,M06_primary,28,2,30,0.9333,8256.49,9223.16,0.8952
B2B,monthly,M06_primary,273,18,291,0.9381,81445.84999999995,84973.75999999994,0.9585
Total,all,M06_primary,2237,246,2483,0.9009,183337.84000000005,198859.16999999993,0.9219
Total,annual,M06_primary,106,5,111,0.955,10849.99,11916.410000000002,0.9105
Total,monthly,M06_primary,2131,241,2372,0.8984,172487.8500000001,186942.75999999998,0.9227
B2C,all,M07_crosscheck,,,1104,0.8261,,,
SMB,all,M07_crosscheck,,,195,0.9231,,,
Enterprise,all,M07_crosscheck,,,66,0.9697,,,
B2B,all,M07_crosscheck,,,261,0.9349,,,
Total,all,M07_crosscheck,,,1365,0.8469,,,
