scenario,segment,mrr_apr24_actual,mrr_apr25,mrr_growth_pct,subs_apr24_actual,subs_apr25,forward_ndr_m6,forward_grr_m6,forward_ndr_m12,forward_grr_m12
base,B2C,64365.0,95925.1484961073,49.03309018271933,1536.0,2389.597532956221,0.6799043281165067,0.6799043281165067,0.5133492742004194,0.5133492742004194
base,SMB,53869.36999999988,95519.18538946295,77.31632166751376,303.0,535.513961262194,0.8580509107689432,0.813952763490421,0.7698869920417878,0.6927862709791414
base,Enterprise,86474.72,163037.62607804817,88.53790573481841,102.0,193.56105785174833,0.9135308564792287,0.9071564342466629,0.8420870539004685,0.8303762492620594
base,B2B,140344.08999999988,258556.8114675111,84.230637333935,405.0,729.0750191139423,0.892235554888351,0.8713813401523824,0.8143739393240859,0.7775640115083039
base,Total,204709.08999999988,354481.9599636184,73.16376129834714,1941.0,3118.6725520701634,0.8254739889453351,0.8111767938877825,0.7197252230864004,0.6944891389326797
bull,B2C,64365.0,136630.60337727866,112.27468869304538,1536.0,3467.9945623516223,0.7177186493000467,0.7177186493000467,0.5833254030154911,0.5833254030154911
bull,SMB,53869.36999999988,134630.0264266925,149.91943738471937,303.0,733.2976409717512,0.9078423150271446,0.8433097998427325,0.8477931971919102,0.7315489285411989
bull,Enterprise,86474.72,180401.39200884345,108.61749192000096,102.0,212.7640613800975,0.9241916306272134,0.9177464301380648,0.8588328880687467,0.84689586432445
bull,B2B,140344.08999999988,315031.418435536,124.47074075975428,405.0,946.0617023518488,0.9179161449170072,0.8891748360015931,0.8545954371541414,0.8026213475843851
bull,Total,204709.08999999988,451662.02181281464,120.63603614906154,1941.0,4414.056264703471,0.8549696885315793,0.8352652736219008,0.7693022254685528,0.7336699225539829
bear,B2C,64365.0,84803.25907448243,31.75368457155663,1536.0,2139.344081287518,0.645536774902196,0.645536774902196,0.479090411364703,0.479090411364703
bear,SMB,53869.36999999988,84115.76419119695,56.147666459060396,303.0,491.661447282167,0.8131658614310204,0.7919486517280745,0.7010963384994484,0.6649874837710661
bear,Enterprise,86474.72,150588.79714435805,74.14198871572877,102.0,179.89178737209497,0.8985739717015193,0.8954325408247173,0.8168626373498264,0.8111610880169822
bear,B2B,140344.08999999988,234704.561335555,67.23508723135771,405.0,671.5532346542619,0.8657911085744557,0.8557115101009726,0.7724271532029586,0.7550541299587069
bear,Total,204709.08999999988,319507.8204100374,56.07896083658894,1941.0,2810.8973159417797,0.7965383451196673,0.7896279921142078,0.6801956876221223,0.66828512157074
