fpr,tpr,threshold
0.0,0.0,inf
0.0,0.0030120481927710845,0.9999967002713289
0.0,0.11144578313253012,0.9999351134026058
0.0,0.11746987951807229,0.9999340728677754
0.0,0.12349397590361445,0.9999292469947751
0.0,0.12951807228915663,0.9999263534395664
0.0,0.2891566265060241,0.9996904246531306
0.0,0.29518072289156627,0.999683664015824
0.0,0.8524096385542169,0.9820523722656352
0.0003234152652005175,0.8524096385542169,0.9816396718935623
0.0003234152652005175,0.858433734939759,0.9811234922870862
0.000646830530401035,0.858433734939759,0.9808018602533485
0.000646830530401035,0.9006024096385542,0.9647170124704898
0.0009702457956015524,0.9006024096385542,0.9643510969928182
0.0009702457956015524,0.9457831325301205,0.9498596598924488
0.00129366106080207,0.9457831325301205,0.9483370330926661
0.00129366106080207,0.9518072289156626,0.9476679883509135
0.0016170763260025874,0.9518072289156626,0.9451035196641876
0.0016170763260025874,0.963855421686747,0.9336317615471981
0.002263906856403622,0.963855421686747,0.9309036313392575
0.002263906856403622,0.9668674698795181,0.9305164371147923
0.0029107373868046574,0.9668674698795181,0.9220153526548541
0.0029107373868046574,0.9698795180722891,0.9188687396530348
0.0038809831824062097,0.9698795180722891,0.9113242773477632
0.0038809831824062097,0.9759036144578314,0.9053241861754536
0.0048512289780077615,0.9759036144578314,0.8958718653731276
0.0048512289780077615,0.9789156626506024,0.8956942716539745
0.005821474773609315,0.9789156626506024,0.8794910430464249
0.005821474773609315,0.9849397590361446,0.864969079206873
0.006144890038809832,0.9849397590361446,0.864603718320918
0.006144890038809832,0.9879518072289156,0.8616321521102596
0.0071151358344113845,0.9879518072289156,0.8194076648801425
0.0071151358344113845,0.9939759036144579,0.7897752283715704
0.008732212160413972,0.9939759036144579,0.7492756224792836
0.008732212160413972,0.9969879518072289,0.7394717153960233
0.011966364812419146,0.9969879518072289,0.6748736666325706
0.011966364812419146,1.0,0.6581347575902532
0.259379042690815,1.0,2.7221849005094112e-05
0.26002587322121606,1.0,2.679435121973701e-05
0.4178525226390686,1.0,4.510076527080343e-07
0.4184993531694696,1.0,4.4842701881692355e-07
0.46183699870633893,1.0,1.8290098524874383e-07
0.46248382923674,1.0,1.8288800385432847e-07
0.5071151358344114,1.0,6.104179365320681e-08
0.5077619663648124,1.0,6.082174004818725e-08
0.5446313065976714,1.0,2.4025552046561165e-08
0.5452781371280725,1.0,2.4007976386636624e-08
0.5575679172056921,1.0,1.6747612402135748e-08
0.5582147477360931,1.0,1.6712204188502232e-08
1.0,1.0,5.579816406103687e-26
