feature,coefficient,odds_ratio
materials_seen_z,-7.44159812279327,0.0005863473932484504
courses_seen_z,-4.6493060295382325,0.009568239702793028
active_days_z,-2.016177826642078,0.13316346748270738
is_b2b,1.3420841007622584,3.8270110765736685
gw_payoneer,-0.5759692666293906,0.5621597219944117
rc_no_prior_renewal,-0.31558782629526305,0.729360011239603
gw_paypal,0.2684424857593225,1.3079257505108952
period_number_z,0.21486602528097357,1.2396957979435677
gw_mercadopago,-0.06662000924694486,0.9355506343919464
rc_contraction,0.04156510936377855,1.0424410323143387
rc_expansion,0.03508167172629845,1.0357042931030556
gw_wire_transfer,-0.00155017500598275,0.9984510258946763
plan_annual,0.0,1.0
intercept,-14.03652734853107,8.017032191257339e-07
