cohort_month,0,1,2,3,4,5,6,7,8,9,10,11,12,13,14,15
2023-01,1.0,0.9474122770287245,0.9132163693716326,0.8859643245959299,0.8586075984702565,0.8127878737124192,0.7509658599223962,0.7350556904781844,0.6983865114591183,0.68848784300589,0.6735742400133993,0.6588532507048545,0.6413728610110823,0.6396826061468889,0.6328434246154706,0.6214792172626525
2023-02,1.0,0.9877498009342652,0.825212159697595,0.7411207932128896,0.6856198913232339,0.6733696922574991,0.653485619141311,0.6351103205427088,0.6167350219441066,0.5861095242797695,0.5799844247469021,0.5616091261482998,0.5479451541087542,0.529569855510152,0.5173196564444171,
2023-03,1.0,0.9579313487397324,0.9281291652658005,0.812489013511461,0.7990381382616517,0.7795244279772743,0.7665650647584167,0.7400763208959171,0.7238786101814669,0.7275094846462223,0.7123494104415586,0.6712689031601834,0.5813793739024178,0.5861682029262032,,
2023-04,1.0,0.9970716552650278,0.8432462631282421,0.8369479154771937,0.792148865231026,0.7561046503397842,0.7134874670053971,0.693775167674396,0.6738514763934645,0.6676607121455056,0.6512419748915437,0.6373693781773673,0.6313041278996794,,,
2023-05,1.0,0.9887430784564429,0.9604809287729432,0.9390009795160232,0.9247869069688737,0.8977339479933515,0.8886893445971713,0.8729941923071143,0.8628555932940716,0.8517174443289315,0.8376936941062328,0.8025756477577384,,,,
2023-06,1.0,0.9672712067197343,0.9134432839283098,0.8988491661376178,0.8581098610636324,0.8254886580065439,0.7275159325096449,0.7043641951946085,0.6728829906724617,0.661666137617815,0.5756519509693803,,,,,
2023-07,1.0,0.9589268949889713,0.928638677475214,0.8830864893604198,0.8549236433179365,0.8211286298385011,0.794885582160272,0.7663899353549585,0.7601142638273025,0.7590321591336734,,,,,,
2023-08,1.0,0.9738932784149931,0.9124662943512047,0.8899036878051605,0.8277441374792337,0.8064620741325206,0.7672277940851788,0.7371918534577924,0.7194568006688647,,,,,,,
2023-09,1.0,0.9723593621912809,0.9391375899114291,0.8881806919250753,0.8496218635010447,0.8241409490702218,0.8121613875483071,0.8151359380682063,,,,,,,,
2023-10,1.0,0.9644752684949777,0.9018350962379363,0.8452569916742828,0.835877053745558,0.785792614604718,0.7711672420308137,,,,,,,,,
2023-11,1.0,0.9311097385437799,0.8860771495931136,0.8300006910453909,0.8249501670562055,0.7991998872899609,,,,,,,,,,
2023-12,1.0,0.9601069483045029,0.9249156594838466,0.9011559516751368,0.8755399311337349,,,,,,,,,,,
2024-01,1.0,0.9737969353927899,0.9399523465380042,0.8814344608848564,,,,,,,,,,,,
2024-02,1.0,0.9643230124889071,0.9400179830162405,,,,,,,,,,,,,
2024-03,1.0,0.9823210693717671,,,,,,,,,,,,,,
2024-04,1.0,,,,,,,,,,,,,,,
