cohort_month,segment_group,month_k,customers_start,customers_active,logo_retention,avg_logo_retention_at_k,logo_gap_pp,mrr_start,mrr_active,dollar_retention,avg_dollar_retention_at_k,dollar_gap_pp,n_cohorts_at_k,at_risk_logo,at_risk_dollar
2023-11-01,B2B,1,33,29,0.8787878787878788,0.9765258215962441,-0.09773794280836534,11991.12,11195.12,0.9336175436489669,0.9901460783097766,-0.05652853466080976,15,false,false
2023-07-01,B2B,1,28,26,0.9285714285714286,0.9765258215962441,-0.04795439302481552,9561.36,9192.980000000001,0.9614720081662024,0.9901460783097766,-0.02867407014357426,15,false,false
2023-03-01,B2B,1,21,20,0.9523809523809523,0.9765258215962441,-0.024144869215291798,7130.4400000000005,6931.4400000000005,0.9720914838354996,0.9901460783097766,-0.01805459447427704,15,false,false
2024-01-01,B2B,1,40,39,0.975,0.9765258215962441,-0.001525821596244148,13236.880000000001,13091.550000000001,0.9890208266600589,0.9901460783097766,-0.0011252516497177734,15,false,false
2024-02-01,B2B,1,43,42,0.9767441860465116,0.9765258215962441,0.00021836445026746087,14049.480000000001,13846.290000000003,0.9855375430265035,0.9901460783097766,-0.004608535283273096,15,false,false
2024-03-01,B2B,1,44,43,0.9772727272727273,0.9765258215962441,0.0007469056764831672,14627.560000000001,14521.140000000001,0.9927246922931781,0.9901460783097766,0.0025786139834014232,15,false,false
2023-09-01,B2B,1,30,30,1.0,0.9765258215962441,0.023474178403755874,9780.8,9822.35,1.0042481187632915,0.9901460783097766,0.01410204045351482,15,false,false
2023-10-01,B2B,1,29,29,1.0,0.9765258215962441,0.023474178403755874,9679.960000000001,9721.86,1.004328530283183,0.9901460783097766,0.014182451973406396,15,false,false
2023-02-01,B2B,1,17,17,1.0,0.9765258215962441,0.023474178403755874,4260.12,4260.12,1.0,0.9901460783097766,0.009853921690223366,15,false,false
2023-08-01,B2B,1,26,26,1.0,0.9765258215962441,0.023474178403755874,7978.200000000001,8205.550000000001,1.0284964026973504,0.9901460783097766,0.0383503243875738,15,false,false
2023-04-01,B2B,1,17,17,1.0,0.9765258215962441,0.023474178403755874,5855.68,5971.65,1.0198047024427563,0.9901460783097766,0.029658624132979705,15,false,false
2023-12-01,B2B,1,37,37,1.0,0.9765258215962441,0.023474178403755874,12984.960000000001,13016.58,1.0024351249445511,0.9901460783097766,0.012289046634774481,15,false,false
2023-06-01,B2B,1,22,22,1.0,0.9765258215962441,0.023474178403755874,7561.280000000001,7426.360000000001,0.982156460281857,0.9901460783097766,-0.007989618027919643,15,false,false
2023-05-01,B2B,1,28,28,1.0,0.9765258215962441,0.023474178403755874,9365.04,9452.710000000001,1.0093614122310208,0.9901460783097766,0.019215333921244193,15,false,false
2023-01-01,B2B,1,11,11,1.0,0.9765258215962441,0.023474178403755874,3195.6,3210.83,1.004765928151208,0.9901460783097766,0.014619849841431387,15,false,false
2023-11-01,B2B,3,33,26,0.7878787878787878,0.8997050147492626,-0.11182622687047472,11991.12,10140.68,0.8456824716957214,0.9260086742539444,-0.08032620255822298,13,true,false
2023-07-01,B2B,3,28,24,0.8571428571428571,0.8997050147492626,-0.04256215760640547,9561.36,8893.39,0.9301385995297738,0.9260086742539444,0.004129925275829449,13,false,false
2023-10-01,B2B,3,29,25,0.8620689655172413,0.8997050147492626,-0.03763604923202124,9679.960000000001,8802.75,0.9093787577634618,0.9260086742539444,-0.01662991649048262,13,false,false
2023-02-01,B2B,3,17,15,0.8823529411764706,0.8997050147492626,-0.017352073572792004,4260.12,3071.12,0.7208998807545327,0.9260086742539444,-0.2051087934994117,13,false,false
2023-04-01,B2B,3,17,15,0.8823529411764706,0.8997050147492626,-0.017352073572792004,5855.68,4813.91,0.822092395759331,0.9260086742539444,-0.10391627849461338,13,false,false
2023-08-01,B2B,3,26,23,0.8846153846153846,0.8997050147492626,-0.015089630133877985,7978.200000000001,7731.279999999999,0.9690506630568296,0.9260086742539444,0.043041988802885234,13,false,false
2024-01-01,B2B,3,40,36,0.9,0.8997050147492626,0.0002949852507374562,13236.880000000001,12569.530000000002,0.9495840409522487,0.9260086742539444,0.02357536669830429,13,false,false
2023-03-01,B2B,3,21,19,0.9047619047619048,0.8997050147492626,0.005056890012642201,7130.4400000000005,6011.01,0.8430068831656952,0.9260086742539444,-0.08300179108824923,13,false,false
2023-09-01,B2B,3,30,28,0.9333333333333333,0.8997050147492626,0.03362831858407078,9780.8,9436.61,0.9648096270243744,0.9260086742539444,0.03880095277043005,13,false,false
2023-12-01,B2B,3,37,35,0.9459459459459459,0.8997050147492626,0.04624093119668338,12984.960000000001,12812.360000000002,0.986707698753019,0.9260086742539444,0.060699024499074605,13,false,false
2023-06-01,B2B,3,22,21,0.9545454545454546,0.8997050147492626,0.05484043979619202,7561.280000000001,7460.67,0.9866940518007532,0.9260086742539444,0.060685377546808805,13,false,false
2023-05-01,B2B,3,28,27,0.9642857142857143,0.8997050147492626,0.06458069953645174,9365.04,9296.5,0.9926812912705124,0.9260086742539444,0.06667261701656801,13,false,false
2023-01-01,B2B,3,11,11,1.0,0.8997050147492626,0.10029498525073743,3195.6,3211.58,1.0050006258605584,0.9260086742539444,0.07899195160661399,13,false,false
2023-04-01,B2B,6,17,12,0.7058823529411765,0.8253275109170306,-0.11944515797585409,5855.68,4387.67,0.7493015328706486,0.868905885934471,-0.11960435306382244,10,false,false
2023-08-01,B2B,6,26,19,0.7307692307692307,0.8253275109170306,-0.09455828014779988,7978.200000000001,7016.58,0.8794690531698879,0.868905885934471,0.010563167235416837,10,false,false
2023-07-01,B2B,6,28,22,0.7857142857142857,0.8253275109170306,-0.039613225202744906,9561.36,8605.21,0.8999985357731535,0.868905885934471,0.03109264983868243,10,false,false
2023-10-01,B2B,6,29,23,0.7931034482758621,0.8253275109170306,-0.032224062641168505,9679.960000000001,8443.62,0.8722783978446191,0.868905885934471,0.0033725119101480905,10,false,false
2023-06-01,B2B,6,22,18,0.8181818181818182,0.8253275109170306,-0.007145692735212372,7561.280000000001,5950.299999999999,0.7869434804689152,0.868905885934471,-0.08196240546555589,10,false,false
2023-02-01,B2B,6,17,14,0.8235294117647058,0.8253275109170306,-0.0017980991523247614,4260.12,2860.0499999999997,0.6713543280470973,0.868905885934471,-0.19755155788737377,10,false,false
2023-09-01,B2B,6,30,26,0.8666666666666667,0.8253275109170306,0.04133915574963609,9780.8,9085.25,0.9288861851791265,0.868905885934471,0.05998029924465542,10,false,false
2023-03-01,B2B,6,21,19,0.9047619047619048,0.8253275109170306,0.07943439384487416,7130.4400000000005,6158.83,0.8637377216553256,0.868905885934471,-0.00516816427914546,10,false,false
2023-01-01,B2B,6,11,10,0.9090909090909091,0.8253275109170306,0.08376339817387846,3195.6,2979.37,0.9323350857428965,0.868905885934471,0.06342919980842543,10,false,false
2023-05-01,B2B,6,28,26,0.9285714285714286,0.8253275109170306,0.103243917654398,9365.04,9132.33,0.9751512006355552,0.868905885934471,0.10624531470108411,10,false,false
2023-12-01,B2C,1,162,145,0.8950617283950617,0.93928923988154,-0.0442275114864783,7103.25,6270.25,0.882729736388273,0.9323684778980028,-0.0496387415097298,15,false,false
2023-08-01,B2C,1,131,119,0.9083969465648855,0.93928923988154,-0.03089229331665455,5836.25,5248.25,0.8992503748125937,0.9323684778980028,-0.03311810308540908,15,false,false
2023-01-01,B2C,1,90,82,0.9111111111111111,0.93928923988154,-0.028178128770428912,3969.0,3577.0,0.9012345679012346,0.9323684778980028,-0.03113390999676824,15,false,false
2023-10-01,B2C,1,162,149,0.9197530864197531,0.93928923988154,-0.019536153461786943,7071.75,6434.75,0.9099232863152685,0.9323684778980028,-0.02244519158273428,15,false,false
2023-09-01,B2C,1,145,135,0.9310344827586207,0.93928923988154,-0.008254757122919343,6443.5,5953.5,0.9239543726235742,0.9323684778980028,-0.008414105274428652,15,false,false
2023-11-01,B2C,1,152,142,0.9342105263157895,0.93928923988154,-0.0050787135657505145,6676.25,6186.25,0.926605504587156,0.9323684778980028,-0.005762973310846853,15,false,false
2024-02-01,B2C,1,189,177,0.9365079365079365,0.93928923988154,-0.0027813033736034942,8127.0,7539.0,0.9276485788113695,0.9323684778980028,-0.0047198990866332835,15,false,false
2023-03-01,B2C,1,102,96,0.9411764705882353,0.93928923988154,0.0018872307066952754,4588.5,4294.5,0.9359267734553776,0.9323684778980028,0.0035582955573747466,15,false,false
2024-01-01,B2C,1,167,159,0.9520958083832335,0.93928923988154,0.012806568501693483,7269.5,6877.5,0.9460760712566201,0.9323684778980028,0.013707593358617265,15,false,false
2023-06-01,B2C,1,126,120,0.9523809523809523,0.93928923988154,0.013091712499412322,5544.0,5250.0,0.946969696969697,0.9323684778980028,0.014601219071694205,15,false,false
2023-05-01,B2C,1,106,101,0.9528301886792453,0.93928923988154,0.013540948797705288,4611.25,4366.25,0.9468690702087287,0.9323684778980028,0.014500592310725868,15,false,false
2023-07-01,B2C,1,118,113,0.9576271186440678,0.93928923988154,0.018337878762527793,5372.5,5127.5,0.9543973941368078,0.9323684778980028,0.022028916238804985,15,false,false
2024-03-01,B2C,1,183,177,0.9672131147540983,0.93928923988154,0.02792387487255832,8022.0,7728.0,0.9633507853403142,0.9323684778980028,0.03098230744231134,15,false,false
2023-04-01,B2C,1,108,105,0.9722222222222222,0.93928923988154,0.032932982340682204,4740.75,4593.75,0.9689922480620154,0.9323684778980028,0.03662377016401264,15,false,false
2023-02-01,B2C,1,85,83,0.9764705882352941,0.93928923988154,0.037181348353754085,3739.75,3641.75,0.9737950397753861,0.9323684778980028,0.04142656187738325,15,false,false
2023-12-01,B2C,3,162,125,0.7716049382716049,0.8035066505441354,-0.03190171227253047,7103.25,5290.25,0.7447647203744765,0.7817484110804653,-0.036983690705988836,13,false,false
2023-10-01,B2C,3,162,127,0.7839506172839507,0.8035066505441354,-0.019556033260184735,7071.75,5356.75,0.7574857708487998,0.7817484110804653,-0.024262640231665578,13,false,false
2023-03-01,B2C,3,102,80,0.7843137254901961,0.8035066505441354,-0.019192925053939325,4588.5,3510.5,0.7650648360030511,0.7817484110804653,-0.016683575077414248,13,false,false
2024-01-01,B2C,3,167,131,0.7844311377245509,0.8035066505441354,-0.019075512819584528,7269.5,5505.5,0.7573423206547906,0.7817484110804653,-0.024406090425674765,13,false,false
2023-02-01,B2C,3,85,67,0.788235294117647,0.8035066505441354,-0.015271356426488358,3739.75,2857.75,0.7641553579784744,0.7817484110804653,-0.017593053101990885,13,false,false
2023-09-01,B2C,3,145,115,0.7931034482758621,0.8035066505441354,-0.010403202268273293,6443.5,4973.5,0.7718631178707225,0.7817484110804653,-0.009885293209742851,13,false,false
2023-08-01,B2C,3,131,105,0.8015267175572519,0.8035066505441354,-0.0019799329868834814,5836.25,4562.25,0.7817091454272863,0.7817484110804653,-3.926565317902142e-05,13,false,false
2023-06-01,B2C,3,126,101,0.8015873015873016,0.8035066505441354,-0.0019193489568337663,5544.0,4319.0,0.7790404040404041,0.7817484110804653,-0.0027080070400612444,13,false,false
2023-01-01,B2C,3,90,73,0.8111111111111111,0.8035066505441354,0.007604460566975724,3969.0,3136.0,0.7901234567901234,0.7817484110804653,0.00837504570965808,13,false,false
2023-07-01,B2C,3,118,96,0.8135593220338984,0.8035066505441354,0.010052671489762965,5372.5,4294.5,0.7993485342019544,0.7817484110804653,0.017600123121489064,13,false,false
2023-11-01,B2C,3,152,125,0.8223684210526315,0.8035066505441354,0.018861770508496134,6676.25,5353.25,0.8018348623853211,0.7817484110804653,0.020086451304855757,13,false,false
2023-05-01,B2C,3,106,90,0.8490566037735849,0.8035066505441354,0.04554995322944955,4611.25,3827.25,0.8299810246679317,0.7817484110804653,0.04823261358746633,13,false,false
2023-04-01,B2C,3,108,94,0.8703703703703703,0.8035066505441354,0.06686371982623496,4740.75,4054.75,0.8552971576227391,0.7817484110804653,0.07354874654227372,13,false,false
2023-07-01,B2C,6,118,75,0.635593220338983,0.6717817561807332,-0.03618853584175019,5372.5,3265.5,0.6078175895765472,0.6366332962550982,-0.028815706678551045,10,false,false
2023-01-01,B2C,6,90,58,0.6444444444444445,0.6717817561807332,-0.027337311736288727,3969.0,2401.0,0.6049382716049383,0.6366332962550982,-0.03169502465015994,10,false,false
2023-03-01,B2C,6,102,66,0.6470588235294118,0.6717817561807332,-0.024722932651321416,4588.5,2824.5,0.6155606407322655,0.6366332962550982,-0.021072655522832773,10,false,false
2023-08-01,B2C,6,131,85,0.648854961832061,0.6717817561807332,-0.022926794348672175,5836.25,3582.25,0.6137931034482759,0.6366332962550982,-0.022840192806822368,10,false,false
2023-09-01,B2C,6,145,97,0.6689655172413793,0.6717817561807332,-0.002816238939353899,6443.5,4091.5,0.6349809885931559,0.6366332962550982,-0.0016523076619423538,10,false,false
2023-02-01,B2C,6,85,57,0.6705882352941176,0.6717817561807332,-0.0011935208866156177,3739.75,2367.75,0.6331305568554048,0.6366332962550982,-0.0035027393996934775,10,false,false
2023-10-01,B2C,6,162,109,0.6728395061728395,0.6717817561807332,0.0010577499921062827,7071.75,4474.75,0.6327641672853254,0.6366332962550982,-0.0038691289697728726,10,false,false
2023-06-01,B2C,6,126,86,0.6825396825396826,0.6717817561807332,0.010757926358949343,5544.0,3584.0,0.6464646464646465,0.6366332962550982,0.009831350209548284,10,false,false
2023-04-01,B2C,6,108,76,0.7037037037037037,0.6717817561807332,0.031921947522970506,4740.75,3172.75,0.6692506459948321,0.6366332962550982,0.03261734973973385,10,false,false
2023-05-01,B2C,6,106,79,0.7452830188679245,0.6717817561807332,0.07350126268719126,4611.25,3288.25,0.7130929791271348,0.6366332962550982,0.07645968287203653,10,false,false
2023-12-01,Total,1,199,182,0.914572864321608,0.9457585644371941,-0.03118570011558608,20088.21,19286.829999999998,0.9601069483045029,0.9677960243123205,-0.007689076007817541,15,false,false
2023-01-01,Total,1,101,93,0.9207920792079208,0.9457585644371941,-0.02496648522927325,7164.6,6787.83,0.9474122770287245,0.9677960243123205,-0.020383747283595932,15,false,false
2023-08-01,Total,1,157,145,0.9235668789808917,0.9457585644371941,-0.022191685456302346,13814.45,13453.800000000001,0.9738932784149931,0.9677960243123205,0.006097254102672589,15,false,false
2023-11-01,Total,1,185,171,0.9243243243243243,0.9457585644371941,-0.021434240112869762,18667.370000000003,17381.370000000003,0.9311097385437799,0.9677960243123205,-0.036686285768540605,15,false,false
2023-10-01,Total,1,191,178,0.9319371727748691,0.9457585644371941,-0.013821391662324989,16751.71,16156.61,0.9644752684949777,0.9677960243123205,-0.003320755817342813,15,false,false
2023-09-01,Total,1,175,165,0.9428571428571428,0.9457585644371941,-0.0029014215800512444,16224.300000000001,15775.85,0.9723593621912809,0.9677960243123205,0.004563337878960461,15,false,false
2023-03-01,Total,1,123,116,0.943089430894309,0.9457585644371941,-0.002669133542885116,11718.94,11225.94,0.9579313487397324,0.9677960243123205,-0.009864675572588077,15,false,false
2024-02-01,Total,1,232,219,0.9439655172413793,0.9457585644371941,-0.0017930471958147454,22176.480000000003,21385.29,0.9643230124889071,0.9677960243123205,-0.003473011823413419,15,false,false
2023-07-01,Total,1,146,139,0.952054794520548,0.9457585644371941,0.006296230083353893,14933.86,14320.48,0.9589268949889713,0.9677960243123205,-0.008869129323349156,15,false,false
2024-01-01,Total,1,207,198,0.9565217391304348,0.9457585644371941,0.010763174693240729,20506.38,19969.05,0.9737969353927899,0.9677960243123205,0.006000911080469407,15,false,false
2023-06-01,Total,1,148,142,0.9594594594594594,0.9457585644371941,0.013700895022265347,13105.28,12676.36,0.9672712067197343,0.9677960243123205,-0.0005248175925861576,15,false,false
2023-05-01,Total,1,134,129,0.9626865671641791,0.9457585644371941,0.016928002726985025,13976.29,13818.96,0.9887430784564429,0.9677960243123205,0.020947054144122457,15,false,false
2024-03-01,Total,1,227,220,0.9691629955947136,0.9457585644371941,0.023404431157519556,22649.559999999998,22249.14,0.9823210693717671,0.9677960243123205,0.014525045059446628,15,false,false
2023-04-01,Total,1,125,122,0.976,0.9457585644371941,0.030241435562805896,10596.43,10565.4,0.9970716552650278,0.9677960243123205,0.029275630952707354,15,false,false
2023-02-01,Total,1,102,100,0.9803921568627451,0.9457585644371941,0.034633592425550974,7999.870000000001,7901.870000000001,0.9877498009342652,0.9677960243123205,0.019953776621944752,15,false,false
2023-10-01,Total,3,191,152,0.7958115183246073,0.8198695434019067,-0.024058025077299372,16751.71,14159.5,0.8452569916742828,0.8692786204991287,-0.02402162882484593,13,false,false
2023-02-01,Total,3,102,82,0.803921568627451,0.8198695434019067,-0.015947974774455642,7999.870000000001,5928.87,0.7411207932128896,0.8692786204991287,-0.12815782728623915,13,false,true
2023-12-01,Total,3,199,160,0.8040201005025126,0.8198695434019067,-0.01584944289939405,20088.21,18102.61,0.9011559516751368,0.8692786204991287,0.031877331176008106,13,false,false
2023-03-01,Total,3,123,99,0.8048780487804879,0.8198695434019067,-0.0149914946214188,11718.94,9521.51,0.812489013511461,0.8692786204991287,-0.05678960698766777,13,false,false
2024-01-01,Total,3,207,167,0.8067632850241546,0.8198695434019067,-0.013106258377752034,20506.38,18075.030000000002,0.8814344608848564,0.8692786204991287,0.012155840385727701,13,false,false
2023-08-01,Total,3,157,128,0.8152866242038217,0.8198695434019067,-0.004582919198084956,13814.45,12293.53,0.8899036878051605,0.8692786204991287,0.020625067306031752,13,false,false
2023-11-01,Total,3,185,151,0.8162162162162162,0.8198695434019067,-0.003653327185690447,18667.370000000003,15493.93,0.8300006910453909,0.8692786204991287,-0.03927792945373787,13,false,false
2023-09-01,Total,3,175,143,0.8171428571428572,0.8198695434019067,-0.0027266862590494823,16224.300000000001,14410.11,0.8881806919250753,0.8692786204991287,0.018902071425946576,13,false,false
2023-07-01,Total,3,146,120,0.821917808219178,0.8198695434019067,0.0020482648172713835,14933.86,13187.89,0.8830864893604198,0.8692786204991287,0.01380786886129104,13,false,false
2023-06-01,Total,3,148,122,0.8243243243243243,0.8198695434019067,0.004454780922417689,13105.28,11779.67,0.8988491661376178,0.8692786204991287,0.029570545638489043,13,false,false
2023-01-01,Total,3,101,84,0.8316831683168316,0.8198695434019067,0.011813624914924992,7164.6,6347.58,0.8859643245959299,0.8692786204991287,0.016685704096801146,13,false,false
2023-04-01,Total,3,125,109,0.872,0.8198695434019067,0.052130456598093344,10596.43,8868.66,0.8369479154771937,0.8692786204991287,-0.032330705021935024,13,false,false
2023-05-01,Total,3,134,117,0.8731343283582089,0.8198695434019067,0.05326478495630227,13976.29,13123.750000000002,0.9390009795160232,0.8692786204991287,0.0697223590168945,13,false,false
2023-08-01,Total,6,157,104,0.6624203821656051,0.6968616262482168,-0.03444124408261173,13814.45,10598.83,0.7672277940851788,0.7734164422219358,-0.006188648136757013,10,false,false
2023-07-01,Total,6,146,97,0.6643835616438356,0.6968616262482168,-0.032478064604381185,14933.86,11870.710000000001,0.794885582160272,0.7734164422219358,0.021469139938336212,10,false,false
2023-01-01,Total,6,101,68,0.6732673267326733,0.6968616262482168,-0.023594299515543482,7164.6,5380.37,0.7509658599223962,0.7734164422219358,-0.022450582299539668,10,false,false
2023-03-01,Total,6,123,85,0.6910569105691057,0.6968616262482168,-0.0058047156791111165,11718.94,8983.33,0.7665650647584167,0.7734164422219358,-0.006851377463519159,10,false,false
2023-10-01,Total,6,191,132,0.6910994764397905,0.6968616262482168,-0.0057621498084262646,16751.71,12918.37,0.7711672420308137,0.7734164422219358,-0.0022492001911221804,10,false,false
2023-02-01,Total,6,102,71,0.696078431372549,0.6968616262482168,-0.0007831948756678031,7999.870000000001,5227.8,0.653485619141311,0.7734164422219358,-0.11993082308062486,10,false,true
2023-06-01,Total,6,148,104,0.7027027027027027,0.6968616262482168,0.0058410764544859495,13105.28,9534.3,0.7275159325096449,0.7734164422219358,-0.04590050971229098,10,false,false
2023-09-01,Total,6,175,123,0.7028571428571428,0.6968616262482168,0.005995516608926055,16224.300000000001,13176.75,0.8121613875483071,0.7734164422219358,0.038744945326371294,10,false,false
2023-04-01,Total,6,125,88,0.704,0.6968616262482168,0.007138373751783167,10596.43,7560.42,0.7134874670053971,0.7734164422219358,-0.05992897521653873,10,false,false
2023-05-01,Total,6,134,105,0.7835820895522388,0.6968616262482168,0.08672046330402206,13976.29,12420.58,0.8886893445971713,0.7734164422219358,0.11527290237523546,10,false,false
