cohort_month,segment_group,month_k,customers_start,customers_active,logo_retention,mrr_start,mrr_active,dollar_retention
2023-01-01,B2B,0,11,11,1.0,3195.6,3195.6,1.0
2023-01-01,B2B,1,11,11,1.0,3195.6,3210.83,1.004765928151208
2023-01-01,B2B,2,11,11,1.0,3195.6,3210.83,1.004765928151208
2023-01-01,B2B,3,11,11,1.0,3195.6,3211.58,1.0050006258605584
2023-01-01,B2B,4,11,11,1.0,3195.6,3211.58,1.0050006258605584
2023-01-01,B2B,5,11,11,1.0,3195.6,3177.3,0.9942733758918514
2023-01-01,B2B,6,11,10,0.9090909090909091,3195.6,2979.37,0.9323350857428965
2023-01-01,B2B,7,11,10,0.9090909090909091,3195.6,3012.38,0.9426649142571035
2023-01-01,B2B,8,11,9,0.8181818181818182,3195.6,2847.66,0.8911190386781824
2023-01-01,B2B,9,11,9,0.8181818181818182,3195.6,2825.74,0.8842596069595694
2023-01-01,B2B,10,11,9,0.8181818181818182,3195.6,2865.89,0.8968237576667918
2023-01-01,B2B,11,11,9,0.8181818181818182,3195.6,2907.42,0.909819752159219
2023-01-01,B2B,12,11,9,0.8181818181818182,3195.6,2978.18,0.9319626987107272
2023-01-01,B2B,13,11,9,0.8181818181818182,3195.6,3015.07,0.9435066967079735
2023-01-01,B2B,14,11,9,0.8181818181818182,3195.6,3015.07,0.9435066967079735
2023-01-01,B2B,15,11,9,0.8181818181818182,3195.6,3031.65,0.948695080736012
2023-01-01,B2C,0,90,90,1.0,3969.0,3969.0,1.0
2023-01-01,B2C,1,90,82,0.9111111111111111,3969.0,3577.0,0.9012345679012346
2023-01-01,B2C,2,90,77,0.8555555555555555,3969.0,3332.0,0.8395061728395061
2023-01-01,B2C,3,90,73,0.8111111111111111,3969.0,3136.0,0.7901234567901234
2023-01-01,B2C,4,90,69,0.7666666666666667,3969.0,2940.0,0.7407407407407407
2023-01-01,B2C,5,90,63,0.7,3969.0,2646.0,0.6666666666666666
2023-01-01,B2C,6,90,58,0.6444444444444445,3969.0,2401.0,0.6049382716049383
2023-01-01,B2C,7,90,55,0.6111111111111112,3969.0,2254.0,0.5679012345679012
2023-01-01,B2C,8,90,53,0.5888888888888889,3969.0,2156.0,0.5432098765432098
2023-01-01,B2C,9,90,52,0.5777777777777777,3969.0,2107.0,0.5308641975308642
2023-01-01,B2C,10,90,49,0.5444444444444444,3969.0,1960.0,0.49382716049382713
2023-01-01,B2C,11,90,46,0.5111111111111111,3969.0,1813.0,0.4567901234567901
2023-01-01,B2C,12,90,42,0.4666666666666667,3969.0,1617.0,0.4074074074074074
2023-01-01,B2C,13,90,41,0.45555555555555555,3969.0,1568.0,0.3950617283950617
2023-01-01,B2C,14,90,40,0.4444444444444444,3969.0,1519.0,0.38271604938271603
2023-01-01,B2C,15,90,38,0.4222222222222222,3969.0,1421.0,0.35802469135802467
2023-01-01,Total,0,101,101,1.0,7164.6,7164.6,1.0
2023-01-01,Total,1,101,93,0.9207920792079208,7164.6,6787.83,0.9474122770287245
2023-01-01,Total,2,101,88,0.8712871287128713,7164.6,6542.83,0.9132163693716326
2023-01-01,Total,3,101,84,0.8316831683168316,7164.6,6347.58,0.8859643245959299
2023-01-01,Total,4,101,80,0.7920792079207921,7164.6,6151.58,0.8586075984702565
2023-01-01,Total,5,101,74,0.7326732673267327,7164.6,5823.299999999999,0.8127878737124192
2023-01-01,Total,6,101,68,0.6732673267326733,7164.6,5380.37,0.7509658599223962
2023-01-01,Total,7,101,65,0.6435643564356436,7164.6,5266.38,0.7350556904781844
2023-01-01,Total,8,101,62,0.6138613861386139,7164.6,5003.66,0.6983865114591183
2023-01-01,Total,9,101,61,0.6039603960396039,7164.6,4932.74,0.68848784300589
2023-01-01,Total,10,101,58,0.5742574257425742,7164.6,4825.89,0.6735742400133993
2023-01-01,Total,11,101,55,0.5445544554455446,7164.6,4720.42,0.6588532507048545
2023-01-01,Total,12,101,51,0.504950495049505,7164.6,4595.18,0.6413728610110823
2023-01-01,Total,13,101,50,0.49504950495049505,7164.6,4583.070000000001,0.6396826061468889
2023-01-01,Total,14,101,49,0.48514851485148514,7164.6,4534.070000000001,0.6328434246154706
2023-01-01,Total,15,101,47,0.46534653465346537,7164.6,4452.650000000001,0.6214792172626525
2023-02-01,B2B,0,17,17,1.0,4260.12,4260.12,1.0
2023-02-01,B2B,1,17,17,1.0,4260.12,4260.12,1.0
2023-02-01,B2B,2,17,16,0.9411764705882353,4260.12,3302.84,0.7752927147592087
2023-02-01,B2B,3,17,15,0.8823529411764706,4260.12,3071.12,0.7208998807545327
2023-02-01,B2B,4,17,14,0.8235294117647058,4260.12,2872.12,0.6741875815704722
2023-02-01,B2B,5,17,14,0.8235294117647058,4260.12,2872.12,0.6741875815704722
2023-02-01,B2B,6,17,14,0.8235294117647058,4260.12,2860.0499999999997,0.6713543280470973
2023-02-01,B2B,7,17,14,0.8235294117647058,4260.12,2860.0499999999997,0.6713543280470973
2023-02-01,B2B,8,17,14,0.8235294117647058,4260.12,2860.0499999999997,0.6713543280470973
2023-02-01,B2B,9,17,14,0.8235294117647058,4260.12,2860.0499999999997,0.6713543280470973
2023-02-01,B2B,10,17,14,0.8235294117647058,4260.12,2860.0499999999997,0.6713543280470973
2023-02-01,B2B,11,17,14,0.8235294117647058,4260.12,2860.0499999999997,0.6713543280470973
2023-02-01,B2B,12,17,14,0.8235294117647058,4260.12,2783.99,0.6535003708815714
2023-02-01,B2B,13,17,14,0.8235294117647058,4260.12,2783.99,0.6535003708815714
2023-02-01,B2B,14,17,14,0.8235294117647058,4260.12,2783.99,0.6535003708815714
2023-02-01,B2C,0,85,85,1.0,3739.75,3739.75,1.0
2023-02-01,B2C,1,85,83,0.9764705882352941,3739.75,3641.75,0.9737950397753861
2023-02-01,B2C,2,85,76,0.8941176470588236,3739.75,3298.75,0.8820776789892373
2023-02-01,B2C,3,85,67,0.788235294117647,3739.75,2857.75,0.7641553579784744
2023-02-01,B2C,4,85,62,0.7294117647058823,3739.75,2612.75,0.6986429574169396
2023-02-01,B2C,5,85,60,0.7058823529411765,3739.75,2514.75,0.6724379971923257
2023-02-01,B2C,6,85,57,0.6705882352941176,3739.75,2367.75,0.6331305568554048
2023-02-01,B2C,7,85,54,0.6352941176470588,3739.75,2220.75,0.5938231165184839
2023-02-01,B2C,8,85,51,0.6,3739.75,2073.75,0.5545156761815629
2023-02-01,B2C,9,85,46,0.5411764705882353,3739.75,1828.75,0.4890032756200281
2023-02-01,B2C,10,85,45,0.5294117647058824,3739.75,1779.75,0.47590079550772113
2023-02-01,B2C,11,85,42,0.49411764705882355,3739.75,1632.75,0.43659335517080017
2023-02-01,B2C,12,85,41,0.4823529411764706,3739.75,1599.5,0.42770238652316334
2023-02-01,B2C,13,85,38,0.4470588235294118,3739.75,1452.5,0.3883949461862424
2023-02-01,B2C,14,85,36,0.4235294117647059,3739.75,1354.5,0.36218998596162844
2023-02-01,Total,0,102,102,1.0,7999.870000000001,7999.870000000001,1.0
2023-02-01,Total,1,102,100,0.9803921568627451,7999.870000000001,7901.870000000001,0.9877498009342652
2023-02-01,Total,2,102,92,0.9019607843137255,7999.870000000001,6601.59,0.825212159697595
2023-02-01,Total,3,102,82,0.803921568627451,7999.870000000001,5928.87,0.7411207932128896
2023-02-01,Total,4,102,76,0.7450980392156863,7999.870000000001,5484.87,0.6856198913232339
2023-02-01,Total,5,102,74,0.7254901960784313,7999.870000000001,5386.87,0.6733696922574991
2023-02-01,Total,6,102,71,0.696078431372549,7999.870000000001,5227.8,0.653485619141311
2023-02-01,Total,7,102,68,0.6666666666666666,7999.870000000001,5080.8,0.6351103205427088
2023-02-01,Total,8,102,65,0.6372549019607843,7999.870000000001,4933.8,0.6167350219441066
2023-02-01,Total,9,102,60,0.5882352941176471,7999.870000000001,4688.8,0.5861095242797695
2023-02-01,Total,10,102,59,0.5784313725490197,7999.870000000001,4639.8,0.5799844247469021
2023-02-01,Total,11,102,56,0.5490196078431373,7999.870000000001,4492.8,0.5616091261482998
2023-02-01,Total,12,102,55,0.5392156862745098,7999.870000000001,4383.49,0.5479451541087542
2023-02-01,Total,13,102,52,0.5098039215686274,7999.870000000001,4236.49,0.529569855510152
2023-02-01,Total,14,102,50,0.49019607843137253,7999.870000000001,4138.49,0.5173196564444171
2023-03-01,B2B,0,21,21,1.0,7130.4400000000005,7130.4400000000005,1.0
2023-03-01,B2B,1,21,20,0.9523809523809523,7130.4400000000005,6931.4400000000005,0.9720914838354996
2023-03-01,B2B,2,21,20,0.9523809523809523,7130.4400000000005,6974.1900000000005,0.9780869062778734
2023-03-01,B2B,3,21,19,0.9047619047619048,7130.4400000000005,6011.01,0.8430068831656952
2023-03-01,B2B,4,21,19,0.9047619047619048,7130.4400000000005,6000.38,0.8415160915735915
2023-03-01,B2B,5,21,19,0.9047619047619048,7130.4400000000005,6065.7,0.850676816577939
2023-03-01,B2B,6,21,19,0.9047619047619048,7130.4400000000005,6158.83,0.8637377216553256
2023-03-01,B2B,7,21,19,0.9047619047619048,7130.4400000000005,6191.41,0.8683068646535136
2023-03-01,B2B,8,21,18,0.8571428571428571,7130.4400000000005,6001.589999999999,0.8416857865713755
2023-03-01,B2B,9,21,18,0.8571428571428571,7130.4400000000005,6093.139999999999,0.8545251064450439
2023-03-01,B2B,10,21,18,0.8571428571428571,7130.4400000000005,6062.48,0.8502252315425134
2023-03-01,B2B,11,21,17,0.8095238095238095,7130.4400000000005,5777.0599999999995,0.8101968461974295
2023-03-01,B2B,12,21,15,0.7142857142857143,7130.4400000000005,4888.150000000001,0.6855327300980024
2023-03-01,B2B,13,21,15,0.7142857142857143,7130.4400000000005,4944.2699999999995,0.693403212143991
2023-03-01,B2C,0,102,102,1.0,4588.5,4588.5,1.0
2023-03-01,B2C,1,102,96,0.9411764705882353,4588.5,4294.5,0.9359267734553776
2023-03-01,B2C,2,102,88,0.8627450980392157,4588.5,3902.5,0.8504958047292144
2023-03-01,B2C,3,102,80,0.7843137254901961,4588.5,3510.5,0.7650648360030511
2023-03-01,B2C,4,102,77,0.7549019607843137,4588.5,3363.5,0.7330282227307399
2023-03-01,B2C,5,102,71,0.696078431372549,4588.5,3069.5,0.6689549961861174
2023-03-01,B2C,6,102,66,0.6470588235294118,4588.5,2824.5,0.6155606407322655
2023-03-01,B2C,7,102,59,0.5784313725490197,4588.5,2481.5,0.5408085430968727
2023-03-01,B2C,8,102,59,0.5784313725490197,4588.5,2481.5,0.5408085430968727
2023-03-01,B2C,9,102,58,0.5686274509803921,4588.5,2432.5,0.5301296720061022
2023-03-01,B2C,10,102,55,0.5392156862745098,4588.5,2285.5,0.498093058733791
2023-03-01,B2C,11,102,51,0.5,4588.5,2089.5,0.45537757437070936
2023-03-01,B2C,12,102,47,0.46078431372549017,4588.5,1925.0,0.41952707856598015
2023-03-01,B2C,13,102,47,0.46078431372549017,4588.5,1925.0,0.41952707856598015
2023-03-01,Total,0,123,123,1.0,11718.94,11718.94,1.0
2023-03-01,Total,1,123,116,0.943089430894309,11718.94,11225.94,0.9579313487397324
2023-03-01,Total,2,123,108,0.8780487804878049,11718.94,10876.69,0.9281291652658005
2023-03-01,Total,3,123,99,0.8048780487804879,11718.94,9521.51,0.812489013511461
2023-03-01,Total,4,123,96,0.7804878048780488,11718.94,9363.880000000001,0.7990381382616517
2023-03-01,Total,5,123,90,0.7317073170731707,11718.94,9135.199999999999,0.7795244279772743
2023-03-01,Total,6,123,85,0.6910569105691057,11718.94,8983.33,0.7665650647584167
2023-03-01,Total,7,123,78,0.6341463414634146,11718.94,8672.91,0.7400763208959171
2023-03-01,Total,8,123,77,0.6260162601626016,11718.94,8483.09,0.7238786101814669
2023-03-01,Total,9,123,76,0.6178861788617886,11718.94,8525.640000000001,0.7275094846462223
2023-03-01,Total,10,123,73,0.5934959349593496,11718.94,8347.98,0.7123494104415586
2023-03-01,Total,11,123,68,0.5528455284552846,11718.94,7866.5599999999995,0.6712689031601834
2023-03-01,Total,12,123,62,0.5040650406504065,11718.94,6813.15,0.5813793739024178
2023-03-01,Total,13,123,62,0.5040650406504065,11718.94,6869.27,0.5861682029262032
2023-04-01,B2B,0,17,17,1.0,5855.68,5855.68,1.0
2023-04-01,B2B,1,17,17,1.0,5855.68,5971.65,1.0198047024427563
2023-04-01,B2B,2,17,15,0.8823529411764706,5855.68,4782.65,0.8167539892890321
2023-04-01,B2B,3,17,15,0.8823529411764706,5855.68,4813.91,0.822092395759331
2023-04-01,B2B,4,17,13,0.7647058823529411,5855.68,4486.2,0.7661279304880048
2023-04-01,B2B,5,17,13,0.7647058823529411,5855.68,4496.26,0.7678459205421061
2023-04-01,B2B,6,17,12,0.7058823529411765,5855.68,4387.67,0.7493015328706486
2023-04-01,B2B,7,17,12,0.7058823529411765,5855.68,4472.789999999999,0.7638378463304004
2023-04-01,B2B,8,17,12,0.7058823529411765,5855.68,4604.67,0.7863595688288977
2023-04-01,B2B,9,17,12,0.7058823529411765,5855.68,4686.07,0.8002606016722225
2023-04-01,B2B,10,17,12,0.7058823529411765,5855.68,4708.09,0.8040210530630089
2023-04-01,B2B,11,17,12,0.7058823529411765,5855.68,4708.09,0.8040210530630089
2023-04-01,B2B,12,17,12,0.7058823529411765,5855.68,4726.07,0.8070915760424066
2023-04-01,B2C,0,108,108,1.0,4740.75,4740.75,1.0
2023-04-01,B2C,1,108,105,0.9722222222222222,4740.75,4593.75,0.9689922480620154
2023-04-01,B2C,2,108,96,0.8888888888888888,4740.75,4152.75,0.875968992248062
2023-04-01,B2C,3,108,94,0.8703703703703703,4740.75,4054.75,0.8552971576227391
2023-04-01,B2C,4,108,91,0.8425925925925926,4740.75,3907.75,0.8242894056847545
2023-04-01,B2C,5,108,83,0.7685185185185185,4740.75,3515.75,0.7416020671834626
2023-04-01,B2C,6,108,76,0.7037037037037037,4740.75,3172.75,0.6692506459948321
2023-04-01,B2C,7,108,70,0.6481481481481481,4740.75,2878.75,0.6072351421188631
2023-04-01,B2C,8,108,63,0.5833333333333334,4740.75,2535.75,0.5348837209302325
2023-04-01,B2C,9,108,60,0.5555555555555556,4740.75,2388.75,0.5038759689922481
2023-04-01,B2C,10,108,56,0.5185185185185185,4740.75,2192.75,0.4625322997416021
2023-04-01,B2C,11,108,53,0.49074074074074076,4740.75,2045.75,0.4315245478036176
2023-04-01,B2C,12,108,51,0.4722222222222222,4740.75,1963.5,0.4141749723145072
2023-04-01,Total,0,125,125,1.0,10596.43,10596.43,1.0
2023-04-01,Total,1,125,122,0.976,10596.43,10565.4,0.9970716552650278
2023-04-01,Total,2,125,111,0.888,10596.43,8935.4,0.8432462631282421
2023-04-01,Total,3,125,109,0.872,10596.43,8868.66,0.8369479154771937
2023-04-01,Total,4,125,104,0.832,10596.43,8393.95,0.792148865231026
2023-04-01,Total,5,125,96,0.768,10596.43,8012.01,0.7561046503397842
2023-04-01,Total,6,125,88,0.704,10596.43,7560.42,0.7134874670053971
2023-04-01,Total,7,125,82,0.656,10596.43,7351.54,0.693775167674396
2023-04-01,Total,8,125,75,0.6,10596.43,7140.419999999999,0.6738514763934645
2023-04-01,Total,9,125,72,0.576,10596.43,7074.820000000001,0.6676607121455056
2023-04-01,Total,10,125,68,0.544,10596.43,6900.84,0.6512419748915437
2023-04-01,Total,11,125,65,0.52,10596.43,6753.84,0.6373693781773673
2023-04-01,Total,12,125,63,0.504,10596.43,6689.57,0.6313041278996794
2023-05-01,B2B,0,28,28,1.0,9365.04,9365.04,1.0
2023-05-01,B2B,1,28,28,1.0,9365.04,9452.710000000001,1.0093614122310208
2023-05-01,B2B,2,28,27,0.9642857142857143,9365.04,9253.710000000001,0.9881121703698009
2023-05-01,B2B,3,28,27,0.9642857142857143,9365.04,9296.5,0.9926812912705124
2023-05-01,B2B,4,28,27,0.9642857142857143,9365.04,9342.84,0.9976294815612106
2023-05-01,B2B,5,28,26,0.9285714285714286,9365.04,9111.74,0.9729525981736329
2023-05-01,B2B,6,28,26,0.9285714285714286,9365.04,9132.33,0.9751512006355552
2023-05-01,B2B,7,28,26,0.9285714285714286,9365.04,9157.970000000001,0.9778890426522471
2023-05-01,B2B,8,28,26,0.9285714285714286,9365.04,9114.27,0.973222751851567
2023-05-01,B2B,9,28,26,0.9285714285714286,9365.04,9105.6,0.9722969682991209
2023-05-01,B2B,10,28,26,0.9285714285714286,9365.04,9105.6,0.9722969682991209
2023-05-01,B2B,11,28,25,0.8928571428571429,9365.04,8908.78,0.9512805070773857
2023-05-01,B2C,0,106,106,1.0,4611.25,4611.25,1.0
2023-05-01,B2C,1,106,101,0.9528301886792453,4611.25,4366.25,0.9468690702087287
2023-05-01,B2C,2,106,97,0.9150943396226415,4611.25,4170.25,0.9043643263757116
2023-05-01,B2C,3,106,90,0.8490566037735849,4611.25,3827.25,0.8299810246679317
2023-05-01,B2C,4,106,85,0.8018867924528302,4611.25,3582.25,0.7768500948766603
2023-05-01,B2C,5,106,82,0.7735849056603774,4611.25,3435.25,0.7449715370018976
2023-05-01,B2C,6,106,79,0.7452830188679245,4611.25,3288.25,0.7130929791271348
2023-05-01,B2C,7,106,74,0.6981132075471698,4611.25,3043.25,0.6599620493358633
2023-05-01,B2C,8,106,72,0.6792452830188679,4611.25,2945.25,0.6387096774193548
2023-05-01,B2C,9,106,69,0.6509433962264151,4611.25,2798.25,0.606831119544592
2023-05-01,B2C,10,106,65,0.6132075471698113,4611.25,2602.25,0.564326375711575
2023-05-01,B2C,11,106,59,0.5566037735849056,4611.25,2308.25,0.5005692599620494
2023-05-01,Total,0,134,134,1.0,13976.29,13976.29,1.0
2023-05-01,Total,1,134,129,0.9626865671641791,13976.29,13818.96,0.9887430784564429
2023-05-01,Total,2,134,124,0.9253731343283582,13976.29,13423.96,0.9604809287729432
2023-05-01,Total,3,134,117,0.8731343283582089,13976.29,13123.750000000002,0.9390009795160232
2023-05-01,Total,4,134,112,0.835820895522388,13976.29,12925.09,0.9247869069688737
2023-05-01,Total,5,134,108,0.8059701492537313,13976.29,12546.99,0.8977339479933515
2023-05-01,Total,6,134,105,0.7835820895522388,13976.29,12420.58,0.8886893445971713
2023-05-01,Total,7,134,100,0.746268656716418,13976.29,12201.22,0.8729941923071143
2023-05-01,Total,8,134,98,0.7313432835820896,13976.29,12059.52,0.8628555932940716
2023-05-01,Total,9,134,95,0.7089552238805971,13976.29,11903.850000000002,0.8517174443289315
2023-05-01,Total,10,134,91,0.6791044776119403,13976.29,11707.850000000002,0.8376936941062328
2023-05-01,Total,11,134,84,0.6268656716417911,13976.29,11217.030000000002,0.8025756477577384
2023-06-01,B2B,0,22,22,1.0,7561.280000000001,7561.280000000001,1.0
2023-06-01,B2B,1,22,22,1.0,7561.280000000001,7426.360000000001,0.982156460281857
2023-06-01,B2B,2,22,21,0.9545454545454546,7561.280000000001,7308.93,0.9666260209911549
2023-06-01,B2B,3,22,21,0.9545454545454546,7561.280000000001,7460.67,0.9866940518007532
2023-06-01,B2B,4,22,20,0.9090909090909091,7561.280000000001,7220.7699999999995,0.954966619408354
2023-06-01,B2B,5,22,19,0.8636363636363636,7561.280000000001,6989.259999999999,0.924348787506877
2023-06-01,B2B,6,22,18,0.8181818181818182,7561.280000000001,5950.299999999999,0.7869434804689152
2023-06-01,B2B,7,22,18,0.8181818181818182,7561.280000000001,6038.89,0.7986597507300351
2023-06-01,B2B,8,22,17,0.7727272727272727,7561.280000000001,5822.32,0.7700177747682931
2023-06-01,B2B,9,22,17,0.7727272727272727,7561.280000000001,5822.32,0.7700177747682931
2023-06-01,B2B,10,22,16,0.7272727272727273,7561.280000000001,4793.08,0.6338979643658216
2023-06-01,B2C,0,126,126,1.0,5544.0,5544.0,1.0
2023-06-01,B2C,1,126,120,0.9523809523809523,5544.0,5250.0,0.946969696969697
2023-06-01,B2C,2,126,108,0.8571428571428571,5544.0,4662.0,0.8409090909090909
2023-06-01,B2C,3,126,101,0.8015873015873016,5544.0,4319.0,0.7790404040404041
2023-06-01,B2C,4,126,95,0.753968253968254,5544.0,4025.0,0.726010101010101
2023-06-01,B2C,5,126,91,0.7222222222222222,5544.0,3829.0,0.6906565656565656
2023-06-01,B2C,6,126,86,0.6825396825396826,5544.0,3584.0,0.6464646464646465
2023-06-01,B2C,7,126,78,0.6190476190476191,5544.0,3192.0,0.5757575757575758
2023-06-01,B2C,8,126,74,0.5873015873015873,5544.0,2996.0,0.5404040404040404
2023-06-01,B2C,9,126,71,0.5634920634920635,5544.0,2849.0,0.5138888888888888
2023-06-01,B2C,10,126,69,0.5476190476190477,5544.0,2751.0,0.4962121212121212
2023-06-01,Total,0,148,148,1.0,13105.28,13105.28,1.0
2023-06-01,Total,1,148,142,0.9594594594594594,13105.28,12676.36,0.9672712067197343
2023-06-01,Total,2,148,129,0.8716216216216216,13105.28,11970.93,0.9134432839283098
2023-06-01,Total,3,148,122,0.8243243243243243,13105.28,11779.67,0.8988491661376178
2023-06-01,Total,4,148,115,0.777027027027027,13105.28,11245.77,0.8581098610636324
2023-06-01,Total,5,148,110,0.7432432432432432,13105.28,10818.26,0.8254886580065439
2023-06-01,Total,6,148,104,0.7027027027027027,13105.28,9534.3,0.7275159325096449
2023-06-01,Total,7,148,96,0.6486486486486487,13105.28,9230.89,0.7043641951946085
2023-06-01,Total,8,148,91,0.6148648648648649,13105.28,8818.32,0.6728829906724617
2023-06-01,Total,9,148,88,0.5945945945945946,13105.28,8671.32,0.661666137617815
2023-06-01,Total,10,148,85,0.5743243243243243,13105.28,7544.08,0.5756519509693803
2023-07-01,B2B,0,28,28,1.0,9561.36,9561.36,1.0
2023-07-01,B2B,1,28,26,0.9285714285714286,9561.36,9192.980000000001,0.9614720081662024
2023-07-01,B2B,2,28,25,0.8928571428571429,9561.36,9132.66,0.9551632822108987
2023-07-01,B2B,3,28,24,0.8571428571428571,9561.36,8893.39,0.9301385995297738
2023-07-01,B2B,4,28,24,0.8571428571428571,9561.36,8913.81,0.9322742789728656
2023-07-01,B2B,5,28,23,0.8214285714285714,9561.36,8752.119999999999,0.9153635047733794
2023-07-01,B2B,6,28,22,0.7857142857142857,9561.36,8605.21,0.8999985357731535
2023-07-01,B2B,7,28,22,0.7857142857142857,9561.36,8571.66,0.8964896207234117
2023-07-01,B2B,8,28,22,0.7857142857142857,9561.36,8624.94,0.9020620497502447
2023-07-01,B2B,9,28,22,0.7857142857142857,9561.36,8706.78,0.9106215015437135
2023-07-01,B2C,0,118,118,1.0,5372.5,5372.5,1.0
2023-07-01,B2C,1,118,113,0.9576271186440678,5372.5,5127.5,0.9543973941368078
2023-07-01,B2C,2,118,105,0.8898305084745762,5372.5,4735.5,0.8814332247557003
2023-07-01,B2C,3,118,96,0.8135593220338984,5372.5,4294.5,0.7993485342019544
2023-07-01,B2C,4,118,87,0.7372881355932204,5372.5,3853.5,0.7172638436482085
2023-07-01,B2C,5,118,80,0.6779661016949152,5372.5,3510.5,0.6534201954397394
2023-07-01,B2C,6,118,75,0.635593220338983,5372.5,3265.5,0.6078175895765472
2023-07-01,B2C,7,118,67,0.5677966101694916,5372.5,2873.5,0.5348534201954397
2023-07-01,B2C,8,118,64,0.5423728813559322,5372.5,2726.5,0.5074918566775244
2023-07-01,B2C,9,118,62,0.5254237288135594,5372.5,2628.5,0.48925081433224754
2023-07-01,Total,0,146,146,1.0,14933.86,14933.86,1.0
2023-07-01,Total,1,146,139,0.952054794520548,14933.86,14320.48,0.9589268949889713
2023-07-01,Total,2,146,130,0.8904109589041096,14933.86,13868.16,0.928638677475214
2023-07-01,Total,3,146,120,0.821917808219178,14933.86,13187.89,0.8830864893604198
2023-07-01,Total,4,146,111,0.7602739726027398,14933.86,12767.31,0.8549236433179365
2023-07-01,Total,5,146,103,0.7054794520547946,14933.86,12262.619999999999,0.8211286298385011
2023-07-01,Total,6,146,97,0.6643835616438356,14933.86,11870.710000000001,0.794885582160272
2023-07-01,Total,7,146,89,0.6095890410958904,14933.86,11445.16,0.7663899353549585
2023-07-01,Total,8,146,86,0.589041095890411,14933.86,11351.44,0.7601142638273025
2023-07-01,Total,9,146,84,0.5753424657534246,14933.86,11335.28,0.7590321591336734
2023-08-01,B2B,0,26,26,1.0,7978.200000000001,7978.200000000001,1.0
2023-08-01,B2B,1,26,26,1.0,7978.200000000001,8205.550000000001,1.0284964026973504
2023-08-01,B2B,2,26,24,0.9230769230769231,7978.200000000001,7846.970000000001,0.9835514276403199
2023-08-01,B2B,3,26,23,0.8846153846153846,7978.200000000001,7731.279999999999,0.9690506630568296
2023-08-01,B2B,4,26,20,0.7692307692307693,7978.200000000001,7215.58,0.9044120227620265
2023-08-01,B2B,5,26,20,0.7692307692307693,7978.200000000001,7215.58,0.9044120227620265
2023-08-01,B2B,6,26,19,0.7307692307692307,7978.200000000001,7016.58,0.8794690531698879
2023-08-01,B2B,7,26,19,0.7307692307692307,7978.200000000001,7042.65,0.8827367075280137
2023-08-01,B2B,8,26,19,0.7307692307692307,7978.200000000001,7042.65,0.8827367075280137
2023-08-01,B2C,0,131,131,1.0,5836.25,5836.25,1.0
2023-08-01,B2C,1,131,119,0.9083969465648855,5836.25,5248.25,0.8992503748125937
2023-08-01,B2C,2,131,109,0.8320610687022901,5836.25,4758.25,0.8152923538230884
2023-08-01,B2C,3,131,105,0.8015267175572519,5836.25,4562.25,0.7817091454272863
2023-08-01,B2C,4,131,98,0.7480916030534351,5836.25,4219.25,0.7229385307346327
2023-08-01,B2C,5,131,92,0.7022900763358778,5836.25,3925.25,0.6725637181409295
2023-08-01,B2C,6,131,85,0.648854961832061,5836.25,3582.25,0.6137931034482759
2023-08-01,B2C,7,131,76,0.5801526717557252,5836.25,3141.25,0.5382308845577212
2023-08-01,B2C,8,131,71,0.5419847328244275,5836.25,2896.25,0.4962518740629685
2023-08-01,Total,0,157,157,1.0,13814.45,13814.45,1.0
2023-08-01,Total,1,157,145,0.9235668789808917,13814.45,13453.800000000001,0.9738932784149931
2023-08-01,Total,2,157,133,0.8471337579617835,13814.45,12605.220000000001,0.9124662943512047
2023-08-01,Total,3,157,128,0.8152866242038217,13814.45,12293.53,0.8899036878051605
2023-08-01,Total,4,157,118,0.7515923566878981,13814.45,11434.83,0.8277441374792337
2023-08-01,Total,5,157,112,0.7133757961783439,13814.45,11140.83,0.8064620741325206
2023-08-01,Total,6,157,104,0.6624203821656051,13814.45,10598.83,0.7672277940851788
2023-08-01,Total,7,157,95,0.6050955414012739,13814.45,10183.9,0.7371918534577924
2023-08-01,Total,8,157,90,0.5732484076433121,13814.45,9938.9,0.7194568006688647
2023-09-01,B2B,0,30,30,1.0,9780.8,9780.8,1.0
2023-09-01,B2B,1,30,30,1.0,9780.8,9822.35,1.0042481187632915
2023-09-01,B2B,2,30,30,1.0,9780.8,9822.35,1.0042481187632915
2023-09-01,B2B,3,30,28,0.9333333333333333,9780.8,9436.61,0.9648096270243744
2023-09-01,B2B,4,30,26,0.8666666666666667,9780.8,9105.02,0.9309074922296746
2023-09-01,B2B,5,30,26,0.8666666666666667,9780.8,9083.61,0.9287185097333552
2023-09-01,B2B,6,30,26,0.8666666666666667,9780.8,9085.25,0.9288861851791265
2023-09-01,B2B,7,30,26,0.8666666666666667,9780.8,9280.51,0.9488497873384591
2023-09-01,B2C,0,145,145,1.0,6443.5,6443.5,1.0
2023-09-01,B2C,1,145,135,0.9310344827586207,6443.5,5953.5,0.9239543726235742
2023-09-01,B2C,2,145,124,0.8551724137931035,6443.5,5414.5,0.8403041825095057
2023-09-01,B2C,3,145,115,0.7931034482758621,6443.5,4973.5,0.7718631178707225
2023-09-01,B2C,4,145,109,0.7517241379310344,6443.5,4679.5,0.7262357414448669
2023-09-01,B2C,5,145,101,0.696551724137931,6443.5,4287.5,0.6653992395437263
2023-09-01,B2C,6,145,97,0.6689655172413793,6443.5,4091.5,0.6349809885931559
2023-09-01,B2C,7,145,94,0.6482758620689655,6443.5,3944.5,0.6121673003802282
2023-09-01,Total,0,175,175,1.0,16224.300000000001,16224.300000000001,1.0
2023-09-01,Total,1,175,165,0.9428571428571428,16224.300000000001,15775.85,0.9723593621912809
2023-09-01,Total,2,175,154,0.88,16224.300000000001,15236.85,0.9391375899114291
2023-09-01,Total,3,175,143,0.8171428571428572,16224.300000000001,14410.11,0.8881806919250753
2023-09-01,Total,4,175,135,0.7714285714285715,16224.300000000001,13784.52,0.8496218635010447
2023-09-01,Total,5,175,127,0.7257142857142858,16224.300000000001,13371.11,0.8241409490702218
2023-09-01,Total,6,175,123,0.7028571428571428,16224.300000000001,13176.75,0.8121613875483071
2023-09-01,Total,7,175,120,0.6857142857142857,16224.300000000001,13225.01,0.8151359380682063
2023-10-01,B2B,0,29,29,1.0,9679.960000000001,9679.960000000001,1.0
2023-10-01,B2B,1,29,29,1.0,9679.960000000001,9721.86,1.004328530283183
2023-10-01,B2B,2,29,27,0.9310344827586207,9679.960000000001,9358.53,0.9667942842739019
2023-10-01,B2B,3,29,25,0.8620689655172413,9679.960000000001,8802.75,0.9093787577634618
2023-10-01,B2B,4,29,25,0.8620689655172413,9679.960000000001,8841.62,0.9133942702242571
2023-10-01,B2B,5,29,23,0.7931034482758621,9679.960000000001,8443.62,0.8722783978446191
2023-10-01,B2B,6,29,23,0.7931034482758621,9679.960000000001,8443.62,0.8722783978446191
2023-10-01,B2C,0,162,162,1.0,7071.75,7071.75,1.0
2023-10-01,B2C,1,162,149,0.9197530864197531,7071.75,6434.75,0.9099232863152685
2023-10-01,B2C,2,162,135,0.8333333333333334,7071.75,5748.75,0.8129175946547884
2023-10-01,B2C,3,162,127,0.7839506172839507,7071.75,5356.75,0.7574857708487998
2023-10-01,B2C,4,162,123,0.7592592592592593,7071.75,5160.75,0.7297698589458055
2023-10-01,B2C,5,162,114,0.7037037037037037,7071.75,4719.75,0.6674090571640683
2023-10-01,B2C,6,162,109,0.6728395061728395,7071.75,4474.75,0.6327641672853254
2023-10-01,Total,0,191,191,1.0,16751.71,16751.71,1.0
2023-10-01,Total,1,191,178,0.9319371727748691,16751.71,16156.61,0.9644752684949777
2023-10-01,Total,2,191,162,0.8481675392670157,16751.71,15107.28,0.9018350962379363
2023-10-01,Total,3,191,152,0.7958115183246073,16751.71,14159.5,0.8452569916742828
2023-10-01,Total,4,191,148,0.774869109947644,16751.71,14002.37,0.835877053745558
2023-10-01,Total,5,191,137,0.7172774869109948,16751.71,13163.37,0.785792614604718
2023-10-01,Total,6,191,132,0.6910994764397905,16751.71,12918.37,0.7711672420308137
2023-11-01,B2B,0,33,33,1.0,11991.12,11991.12,1.0
2023-11-01,B2B,1,33,29,0.8787878787878788,11991.12,11195.12,0.9336175436489669
2023-11-01,B2B,2,33,27,0.8181818181818182,11991.12,10893.48,0.9084622620739347
2023-11-01,B2B,3,33,26,0.7878787878787878,11991.12,10140.68,0.8456824716957214
2023-11-01,B2B,4,33,26,0.7878787878787878,11991.12,10193.4,0.8500790585032924
2023-11-01,B2B,5,33,26,0.7878787878787878,11991.12,10202.71,0.8508554663784532
2023-11-01,B2C,0,152,152,1.0,6676.25,6676.25,1.0
2023-11-01,B2C,1,152,142,0.9342105263157895,6676.25,6186.25,0.926605504587156
2023-11-01,B2C,2,152,131,0.8618421052631579,6676.25,5647.25,0.8458715596330275
2023-11-01,B2C,3,152,125,0.8223684210526315,6676.25,5353.25,0.8018348623853211
2023-11-01,B2C,4,152,122,0.8026315789473685,6676.25,5206.25,0.7798165137614679
2023-11-01,B2C,5,152,112,0.7368421052631579,6676.25,4716.25,0.7064220183486238
2023-11-01,Total,0,185,185,1.0,18667.370000000003,18667.370000000003,1.0
2023-11-01,Total,1,185,171,0.9243243243243243,18667.370000000003,17381.370000000003,0.9311097385437799
2023-11-01,Total,2,185,158,0.8540540540540541,18667.370000000003,16540.730000000003,0.8860771495931136
2023-11-01,Total,3,185,151,0.8162162162162162,18667.370000000003,15493.93,0.8300006910453909
2023-11-01,Total,4,185,148,0.8,18667.370000000003,15399.650000000001,0.8249501670562055
2023-11-01,Total,5,185,138,0.745945945945946,18667.370000000003,14918.960000000001,0.7991998872899609
2023-12-01,B2B,0,37,37,1.0,12984.960000000001,12984.960000000001,1.0
2023-12-01,B2B,1,37,37,1.0,12984.960000000001,13016.58,1.0024351249445511
2023-12-01,B2B,2,37,36,0.972972972972973,12984.960000000001,12897.65,0.993276067080684
2023-12-01,B2B,3,37,35,0.9459459459459459,12984.960000000001,12812.360000000002,0.986707698753019
2023-12-01,B2B,4,37,34,0.918918918918919,12984.960000000001,12640.78,0.9734939499236039
2023-12-01,B2C,0,162,162,1.0,7103.25,7103.25,1.0
2023-12-01,B2C,1,162,145,0.8950617283950617,7103.25,6270.25,0.882729736388273
2023-12-01,B2C,2,162,133,0.8209876543209876,7103.25,5682.25,0.7999507267799951
2023-12-01,B2C,3,162,125,0.7716049382716049,7103.25,5290.25,0.7447647203744765
2023-12-01,B2C,4,162,118,0.7283950617283951,7103.25,4947.25,0.6964769647696477
2023-12-01,Total,0,199,199,1.0,20088.21,20088.21,1.0
2023-12-01,Total,1,199,182,0.914572864321608,20088.21,19286.829999999998,0.9601069483045029
2023-12-01,Total,2,199,169,0.8492462311557789,20088.21,18579.9,0.9249156594838466
2023-12-01,Total,3,199,160,0.8040201005025126,20088.21,18102.61,0.9011559516751368
2023-12-01,Total,4,199,152,0.7638190954773869,20088.21,17588.030000000002,0.8755399311337349
2024-01-01,B2B,0,40,40,1.0,13236.880000000001,13236.880000000001,1.0
2024-01-01,B2B,1,40,39,0.975,13236.880000000001,13091.550000000001,0.9890208266600589
2024-01-01,B2B,2,40,38,0.95,13236.880000000001,12936.52,0.977308852237083
2024-01-01,B2B,3,40,36,0.9,13236.880000000001,12569.530000000002,0.9495840409522487
2024-01-01,B2C,0,167,167,1.0,7269.5,7269.5,1.0
2024-01-01,B2C,1,167,159,0.9520958083832335,7269.5,6877.5,0.9460760712566201
2024-01-01,B2C,2,167,148,0.8862275449101796,7269.5,6338.5,0.8719306692344728
2024-01-01,B2C,3,167,131,0.7844311377245509,7269.5,5505.5,0.7573423206547906
2024-01-01,Total,0,207,207,1.0,20506.38,20506.38,1.0
2024-01-01,Total,1,207,198,0.9565217391304348,20506.38,19969.05,0.9737969353927899
2024-01-01,Total,2,207,186,0.8985507246376812,20506.38,19275.02,0.9399523465380042
2024-01-01,Total,3,207,167,0.8067632850241546,20506.38,18075.030000000002,0.8814344608848564
2024-02-01,B2B,0,43,43,1.0,14049.480000000001,14049.480000000001,1.0
2024-02-01,B2B,1,43,42,0.9767441860465116,14049.480000000001,13846.290000000003,0.9855375430265035
2024-02-01,B2B,2,43,42,0.9767441860465116,14049.480000000001,13846.290000000003,0.9855375430265035
2024-02-01,B2C,0,189,189,1.0,8127.0,8127.0,1.0
2024-02-01,B2C,1,189,177,0.9365079365079365,8127.0,7539.0,0.9276485788113695
2024-02-01,B2C,2,189,166,0.8783068783068783,8127.0,7000.0,0.8613264427217916
2024-02-01,Total,0,232,232,1.0,22176.480000000003,22176.480000000003,1.0
2024-02-01,Total,1,232,219,0.9439655172413793,22176.480000000003,21385.29,0.9643230124889071
2024-02-01,Total,2,232,208,0.896551724137931,22176.480000000003,20846.29,0.9400179830162405
2024-03-01,B2B,0,44,44,1.0,14627.560000000001,14627.560000000001,1.0
2024-03-01,B2B,1,44,43,0.9772727272727273,14627.560000000001,14521.140000000001,0.9927246922931781
2024-03-01,B2C,0,183,183,1.0,8022.0,8022.0,1.0
2024-03-01,B2C,1,183,177,0.9672131147540983,8022.0,7728.0,0.9633507853403142
2024-03-01,Total,0,227,227,1.0,22649.559999999998,22649.559999999998,1.0
2024-03-01,Total,1,227,220,0.9691629955947136,22649.559999999998,22249.14,0.9823210693717671
2024-04-01,B2B,0,43,43,1.0,13902.240000000002,13902.240000000002,1.0
2024-04-01,B2C,0,196,196,1.0,8800.75,8800.75,1.0
2024-04-01,Total,0,239,239,1.0,22702.99,22702.99,1.0
