subscription_id,user_id,segment,customer_type,plan_type,mrr,prob_churn_python
S05600,U01098,SMB,B2B,monthly,233.79,2.470178513345981e-08
S06324,U01221,B2C,B2C,monthly,49.0,3.491284460503539e-06
S06668,U01277,B2C,B2C,monthly,49.0,0.0404147887637711
S07735,U01462,B2C,B2C,annual,33.25,2.5097225703524326e-08
S07737,U01464,B2C,B2C,annual,33.25,0.9904969826458012
S07772,U01471,B2C,B2C,annual,33.25,0.057515519654371905
S07806,U01476,B2C,B2C,monthly,49.0,0.003915615818939964
S07853,U01484,B2C,B2C,annual,33.25,3.649443637950582e-07
S07946,U01498,B2C,B2C,monthly,49.0,5.329073729193523e-05
S08074,U01528,B2C,B2C,monthly,49.0,7.625228852148916e-08
S08557,U01622,B2C,B2C,monthly,49.0,0.24957969239234407
S08648,U01643,B2C,B2C,monthly,49.0,2.0650107893803057e-05
S09286,U01763,B2C,B2C,monthly,49.0,2.417268740409745e-08
S09301,U01765,B2C,B2C,monthly,49.0,0.8337202860178554
S09364,U01779,B2C,B2C,monthly,49.0,0.05541714795127121
S09393,U01784,B2C,B2C,monthly,49.0,3.0885514039191256e-10
S09857,U01879,B2C,B2C,monthly,49.0,8.425080999654683e-10
S09930,U01895,B2C,B2C,monthly,49.0,0.07074448328106435
S10090,U01930,B2C,B2C,monthly,49.0,0.9449659872804673
S10532,U02034,Enterprise,B2B,monthly,1293.77,2.1562497097644973e-15
S10619,U02056,B2C,B2C,monthly,49.0,1.16616331968294e-05
S10766,U02088,B2C,B2C,monthly,49.0,0.7205110234748692
S10774,U02089,B2C,B2C,monthly,49.0,2.460410357498329e-05
S10821,U02102,B2C,B2C,monthly,49.0,0.011837889622876808
S10887,U02119,B2C,B2C,monthly,49.0,1.260702363207927e-07
S10963,U02133,B2C,B2C,monthly,49.0,1.4698319054941182e-07
S10994,U02140,B2C,B2C,monthly,49.0,1.2279356927431069e-06
S11056,U02158,B2C,B2C,monthly,49.0,7.495221512944293e-05
S11144,U02177,B2C,B2C,monthly,49.0,0.12775469319905955
S11346,U02239,B2C,B2C,monthly,49.0,2.5927229508785343e-06
S11363,U02245,B2C,B2C,monthly,49.0,0.06541454824044872
S11496,U02287,B2C,B2C,monthly,49.0,2.799625058857416e-10
S11653,U02324,B2C,B2C,monthly,49.0,3.9044798016437514e-07
S11831,U02371,B2C,B2C,monthly,49.0,8.897052867520946e-09
S11907,U02402,B2C,B2C,monthly,49.0,0.00599479415623822
S12268,U02502,B2C,B2C,monthly,49.0,2.5257116609147483e-06
S12562,U02601,B2C,B2C,monthly,49.0,0.0018163343746273935
S12595,U02612,B2C,B2C,monthly,49.0,0.7448384343433891
S12608,U02616,B2C,B2C,monthly,49.0,0.1463938746170244
S12753,U02664,B2C,B2C,monthly,49.0,0.036887347864726826
S12810,U02682,B2C,B2C,monthly,49.0,3.298653284741274e-07
S12841,U02691,B2C,B2C,monthly,49.0,0.01885626767615682
S12874,U02702,B2C,B2C,monthly,49.0,0.009400654832690956
S13016,U02754,SMB,B2B,monthly,238.29,0.00030701012527539783
S13107,U02792,B2C,B2C,monthly,49.0,0.0007698412283952398
S13214,U02835,B2C,B2C,monthly,49.0,1.8154213523119666e-06
S13312,U02872,B2C,B2C,monthly,49.0,6.598612749892191e-07
S13384,U02900,B2C,B2C,monthly,49.0,3.243423863287372e-08
S13463,U02929,B2C,B2C,monthly,49.0,2.847568845456617e-05
S13506,U02950,B2C,B2C,monthly,49.0,3.513141523436926e-09
S13570,U02973,SMB,B2B,monthly,199.0,2.3670166425717507e-09
S13652,U03012,B2C,B2C,monthly,49.0,0.002159410096669906
S13737,U03053,B2C,B2C,monthly,49.0,3.71378930551014e-07
S13783,U03072,B2C,B2C,monthly,49.0,0.02774579403687791
S13876,U03122,B2C,B2C,monthly,49.0,0.0006049313113913081
S13945,U03156,B2C,B2C,monthly,49.0,0.05534429027375002
S13977,U03171,B2C,B2C,monthly,49.0,0.9867471639804563
S13991,U03179,B2C,B2C,monthly,49.0,0.8759933676910563
S14116,U03251,B2C,B2C,monthly,49.0,0.20513965870727396
S14143,U03269,B2C,B2C,monthly,49.0,5.2137728101083825e-05
S14218,U03316,B2C,B2C,monthly,49.0,1.0662348563354557e-05
S14306,U03367,B2C,B2C,monthly,49.0,2.9991906685613796e-06
S14331,U03381,B2C,B2C,monthly,49.0,4.244025723504878e-06
S14426,U03441,SMB,B2B,monthly,209.26,2.1913183172381004e-07
S14447,U03459,B2C,B2C,monthly,49.0,2.078999843202878e-05
S14496,U03508,B2C,B2C,monthly,49.0,2.2320286551531083e-08
S14502,U03514,B2C,B2C,monthly,49.0,0.017491830925635707
S14523,U03535,B2C,B2C,monthly,49.0,7.68392817969274e-08
S14548,U03560,B2C,B2C,monthly,49.0,1.381783342385836e-06
S14552,U03564,B2C,B2C,monthly,49.0,7.66181756783913e-08
S14566,U03578,B2C,B2C,monthly,49.0,6.372538784537697e-09
S14570,U03582,B2C,B2C,monthly,49.0,2.698162723511452e-10
S05423,U01074,B2C,B2C,monthly,49.0,0.024473529672546165
S06089,U01183,B2C,B2C,monthly,49.0,0.00017265654886087646
S06417,U01238,B2C,B2C,monthly,49.0,0.0012564350524924973
S07203,U01363,B2C,B2C,monthly,49.0,0.007426677458909592
S07344,U01390,B2C,B2C,monthly,49.0,0.007520047365373413
S07455,U01406,B2C,B2C,monthly,49.0,3.772453940676839e-06
S07773,U01472,B2C,B2C,annual,33.25,2.983035341014907e-08
S08086,U01529,B2C,B2C,monthly,49.0,0.0017542305028258325
S08296,U01567,SMB,B2B,annual,149.92,0.029591151389770667
S08322,U01571,SMB,B2B,monthly,225.95,4.409666710173657e-11
S08364,U01580,Enterprise,B2B,annual,825.0,1.867722075766994e-11
S09336,U01774,B2C,B2C,monthly,49.0,0.7385086488915161
S09346,U01775,B2C,B2C,monthly,49.0,4.764546010889927e-08
S09511,U01806,B2C,B2C,monthly,49.0,4.1966646927624775e-09
S10111,U01935,B2C,B2C,monthly,49.0,0.35964961418752
S10187,U01954,B2C,B2C,monthly,49.0,7.288531484761562e-10
S10287,U01970,B2C,B2C,monthly,49.0,0.12247133506624601
S10636,U02059,B2C,B2C,monthly,49.0,0.6384768603200527
S11250,U02211,B2C,B2C,monthly,49.0,0.16403888513250472
S11395,U02255,B2C,B2C,monthly,49.0,9.468281861017682e-06
S11558,U02300,B2C,B2C,monthly,49.0,0.05510072453380308
S12013,U02435,B2C,B2C,monthly,49.0,8.123180815534461e-05
S12058,U02448,B2C,B2C,monthly,49.0,4.3988565048055306e-09
S12348,U02523,B2C,B2C,monthly,49.0,0.0025396977280023924
S12435,U02549,B2C,B2C,monthly,49.0,1.233678497943024e-06
S12452,U02554,SMB,B2B,monthly,199.0,6.774893932179142e-09
S12600,U02613,B2C,B2C,monthly,49.0,1.3545159465334166e-07
S12637,U02627,B2C,B2C,monthly,49.0,3.209835872164025e-05
S12983,U02742,B2C,B2C,monthly,49.0,1.9960140121656623e-05
S13219,U02837,B2C,B2C,monthly,49.0,9.524004114826307e-06
S13227,U02840,B2C,B2C,monthly,49.0,0.9581347968422144
S13484,U02937,B2C,B2C,monthly,49.0,8.818912014567622e-08
S13526,U02956,SMB,B2B,monthly,231.86,6.64184331597007e-06
S13556,U02968,SMB,B2B,monthly,199.0,1.418877732443231e-06
S13591,U02979,SMB,B2B,monthly,199.0,1.7246653158075705e-08
S13673,U03023,B2C,B2C,monthly,49.0,0.00031267255924147263
S13698,U03035,B2C,B2C,monthly,49.0,0.017571799636013363
S13711,U03041,B2C,B2C,monthly,49.0,0.054941882126273676
S13758,U03062,B2C,B2C,monthly,49.0,7.895496123878179e-08
S13828,U03098,B2C,B2C,monthly,49.0,6.292536356177108e-08
S13833,U03101,B2C,B2C,monthly,49.0,1.300812985286001e-06
S13899,U03135,B2C,B2C,monthly,49.0,1.460729105618834e-07
S13939,U03154,B2C,B2C,monthly,49.0,0.0005377526019515447
S14019,U03192,SMB,B2B,monthly,199.0,0.03628720162122958
S14023,U03194,SMB,B2B,monthly,199.0,0.0022862617456695738
S14077,U03229,B2C,B2C,monthly,49.0,6.677905721676974e-05
S14114,U03250,B2C,B2C,monthly,49.0,0.13524899577552588
S14195,U03300,B2C,B2C,monthly,49.0,0.005774048465722495
S14239,U03328,B2C,B2C,monthly,49.0,8.348287226281208e-08
S14287,U03357,B2C,B2C,monthly,49.0,0.0005522828776273797
S14292,U03359,B2C,B2C,monthly,49.0,0.0038108932027224552
S14302,U03365,B2C,B2C,monthly,49.0,0.0005569949756550107
S14325,U03378,B2C,B2C,monthly,49.0,5.802547904281853e-06
S14354,U03396,B2C,B2C,monthly,49.0,2.2259460193436873e-06
S14434,U03448,Enterprise,B2B,monthly,990.0,5.330228103875791e-07
S14459,U03471,B2C,B2C,monthly,49.0,0.00045054911617793507
S14478,U03490,B2C,B2C,monthly,49.0,0.003968293853956026
S14487,U03499,B2C,B2C,monthly,49.0,2.8711467927842215e-08
S14556,U03568,B2C,B2C,monthly,49.0,0.930727937148625
S14576,U03588,B2C,B2C,monthly,49.0,0.010277645947654523
S14582,U03594,B2C,B2C,monthly,49.0,0.0017203204311631852
S14585,U03597,B2C,B2C,monthly,49.0,0.9705849315289641
S14590,U03602,B2C,B2C,monthly,49.0,1.5504103656656546e-06
S14601,U03613,B2C,B2C,monthly,49.0,0.19861623356049382
S14602,U03614,B2C,B2C,monthly,49.0,9.301538693273809e-05
S14635,U03647,B2C,B2C,monthly,49.0,0.06843060193312331
S14644,U03656,SMB,B2B,monthly,199.0,1.3415997042307978e-05
S05567,U01094,SMB,B2B,monthly,327.5,2.9136155146252413e-05
S07576,U01433,B2C,B2C,monthly,49.0,1.2286569511552734e-07
S07723,U01455,B2C,B2C,monthly,49.0,0.0005409873567194437
S07953,U01502,B2C,B2C,annual,33.25,7.51350852032829e-06
S08087,U01530,B2C,B2C,annual,33.25,3.7568284069732455e-05
S08295,U01566,SMB,B2B,annual,149.92,5.061877330891771e-13
S08365,U01581,Enterprise,B2B,annual,825.0,3.761125699182731e-05
S08890,U01693,B2C,B2C,monthly,49.0,7.764068817608671e-05
S09831,U01868,SMB,B2B,monthly,269.68,1.6001557853787272e-07
S10520,U02030,SMB,B2B,monthly,244.24,0.00585768459483936
S10627,U02057,B2C,B2C,monthly,49.0,5.866586727887154e-08
S10702,U02073,B2C,B2C,monthly,49.0,0.0002727307945028367
S11616,U02314,B2C,B2C,monthly,49.0,1.6266722252369636e-06
S11782,U02359,B2C,B2C,monthly,49.0,0.0013768764156631905
S11824,U02370,B2C,B2C,monthly,49.0,2.1114371992946215e-06
S11896,U02396,Enterprise,B2B,monthly,842.3,2.0907329558626735e-18
S11933,U02408,B2C,B2C,monthly,49.0,3.633205813653852e-06
S11970,U02424,B2C,B2C,monthly,49.0,3.3164684355957746e-08
S12084,U02455,B2C,B2C,monthly,49.0,1.1406853056336339e-07
S12216,U02490,B2C,B2C,monthly,49.0,0.0017563474482650643
S12418,U02542,B2C,B2C,monthly,49.0,1.0845462212503176e-08
S12787,U02673,B2C,B2C,monthly,49.0,3.9568313668876347e-08
S12934,U02724,B2C,B2C,monthly,49.0,1.7799583878208307e-06
S13252,U02850,B2C,B2C,monthly,49.0,0.03231617329048659
S13277,U02860,B2C,B2C,monthly,49.0,0.01663901835214401
S13298,U02866,B2C,B2C,monthly,49.0,0.9869410289770599
S13373,U02897,B2C,B2C,monthly,49.0,0.00029265326819784087
S13480,U02936,B2C,B2C,monthly,49.0,0.9957999877307684
S13514,U02952,B2C,B2C,monthly,49.0,1.7756629744175522e-05
S13545,U02964,SMB,B2B,monthly,239.62,5.725683372945742e-06
S13630,U03003,B2C,B2C,monthly,49.0,1.4004844069296902e-08
S13659,U03017,B2C,B2C,monthly,49.0,8.030836037733144e-06
S13663,U03019,B2C,B2C,monthly,49.0,1.2104954668178977e-07
S13755,U03061,B2C,B2C,monthly,49.0,1.6052436972960752e-06
S13764,U03064,B2C,B2C,monthly,49.0,0.0011236078698640564
S13844,U03106,B2C,B2C,monthly,49.0,4.949018246777792e-06
S13964,U03165,B2C,B2C,monthly,49.0,0.28755794964227194
S13971,U03168,B2C,B2C,monthly,49.0,0.9745592195004729
S14079,U03230,B2C,B2C,monthly,49.0,1.6586026402714227e-05
S14088,U03235,B2C,B2C,monthly,49.0,0.005353501824469105
S14104,U03244,B2C,B2C,monthly,49.0,2.2400768491635342e-08
S14169,U03285,B2C,B2C,monthly,49.0,1.5966336276628956e-06
S14192,U03298,B2C,B2C,monthly,49.0,0.0006586033591982546
S14229,U03321,B2C,B2C,monthly,49.0,0.00017660207793307255
S14255,U03338,B2C,B2C,monthly,49.0,0.0002503491879755995
S14273,U03350,B2C,B2C,monthly,49.0,5.899920347321325e-06
S14372,U03407,B2C,B2C,monthly,49.0,9.78255571414043e-06
S14455,U03467,B2C,B2C,monthly,49.0,0.9381981830048821
S14468,U03480,B2C,B2C,monthly,49.0,1.6296186057173508e-05
S14469,U03481,B2C,B2C,monthly,49.0,2.371851116891622e-05
S14493,U03505,B2C,B2C,monthly,49.0,0.11484762970130326
S14494,U03506,B2C,B2C,monthly,49.0,2.526743149844136e-06
S14514,U03526,B2C,B2C,monthly,49.0,3.1533242185075108e-09
S14543,U03555,B2C,B2C,monthly,49.0,4.201210098038919e-06
S14587,U03599,B2C,B2C,monthly,49.0,4.364822737484582e-06
S14616,U03628,B2C,B2C,monthly,49.0,9.922466289872712e-06
S14618,U03630,B2C,B2C,monthly,49.0,0.0004965339407203191
S14638,U03650,B2C,B2C,monthly,49.0,7.919339322464823e-11
S14671,U03683,SMB,B2B,monthly,199.0,1.534829756157078e-11
S05879,U01154,B2C,B2C,monthly,49.0,0.3173618577964196
S06631,U01273,B2C,B2C,monthly,49.0,0.0004187640974613063
S06891,U01315,SMB,B2B,monthly,265.48,1.0565513258745207e-05
S06923,U01319,SMB,B2B,monthly,232.55,3.5887679618727198e-09
S07057,U01346,B2C,B2C,monthly,49.0,1.9931315752261283e-11
S07282,U01379,B2C,B2C,monthly,49.0,4.014716024922549e-05
S07397,U01394,B2C,B2C,monthly,49.0,1.3901322837224625e-05
S07637,U01443,SMB,B2B,monthly,515.3,1.2920225764038108e-10
S07982,U01509,B2C,B2C,annual,33.25,2.246876589604423e-06
S08042,U01521,B2C,B2C,annual,33.25,7.879613079951023e-05
S08323,U01572,SMB,B2B,annual,149.92,4.795441700397667e-06
S08368,U01584,Enterprise,B2B,annual,825.0,5.998609380472501e-05
S09086,U01729,Enterprise,B2B,monthly,795.26,8.491889668592134e-13
S09256,U01760,B2C,B2C,monthly,49.0,0.008276806431802538
S09473,U01801,B2C,B2C,monthly,49.0,0.0006355586263115245
S09762,U01852,SMB,B2B,monthly,232.99,5.629100492652196e-09
S09977,U01904,B2C,B2C,monthly,49.0,2.6361350374334083e-05
S10463,U02014,SMB,B2B,monthly,269.37,5.53704196254111e-10
S10895,U02120,B2C,B2C,monthly,49.0,0.007438945219494901
S11423,U02265,B2C,B2C,monthly,49.0,0.00010778074829644673
S11582,U02306,B2C,B2C,monthly,49.0,1.5084785729701202e-08
S11638,U02320,B2C,B2C,monthly,49.0,0.7790510220287674
S11672,U02330,B2C,B2C,monthly,49.0,4.713643276277871e-09
S11796,U02366,B2C,B2C,monthly,49.0,2.065512096648238e-06
S12050,U02446,B2C,B2C,monthly,49.0,0.4312304144203852
S12150,U02475,B2C,B2C,monthly,49.0,1.4993436156330074e-07
S12261,U02500,B2C,B2C,monthly,49.0,0.015806866240634366
S12722,U02655,B2C,B2C,monthly,49.0,4.6435675388891813e-07
S13010,U02752,SMB,B2B,monthly,173.28,4.197611632425036e-06
S13037,U02761,SMB,B2B,monthly,200.48,1.0119268855128849e-07
S13067,U02771,SMB,B2B,monthly,231.64,1.19421117265826e-05
S13130,U02801,B2C,B2C,monthly,49.0,0.061949212213034864
S13369,U02896,B2C,B2C,monthly,49.0,1.219040678159724e-06
S13580,U02976,SMB,B2B,monthly,165.12,0.000518819056190076
S14012,U03189,SMB,B2B,monthly,199.0,3.174381920536787e-13
S14032,U03199,SMB,B2B,monthly,199.0,4.30395893597452e-07
S14095,U03239,B2C,B2C,monthly,49.0,1.4035329283260528e-06
S14145,U03270,B2C,B2C,monthly,49.0,5.028138067861701e-09
S14153,U03275,B2C,B2C,monthly,49.0,0.4174429546269098
S14181,U03291,B2C,B2C,monthly,49.0,8.369581890163599e-06
S14211,U03310,B2C,B2C,monthly,49.0,0.9671471440187045
S14282,U03354,B2C,B2C,monthly,49.0,2.0111594663429626e-10
S14299,U03363,B2C,B2C,monthly,49.0,1.7190144752472733e-08
S14360,U03400,B2C,B2C,monthly,49.0,0.0009991055711470248
S14407,U03430,SMB,B2B,monthly,242.67,2.940235838724836e-10
S14412,U03433,SMB,B2B,monthly,199.0,4.588984533537737e-07
S14470,U03482,B2C,B2C,monthly,49.0,0.00022788507726213144
S14474,U03486,B2C,B2C,monthly,49.0,3.237697084607738e-09
S14524,U03536,B2C,B2C,monthly,49.0,9.753759035109063e-06
S14526,U03538,B2C,B2C,monthly,49.0,5.16200232329387e-11
S14545,U03557,B2C,B2C,monthly,49.0,7.556070737078945e-07
S14550,U03562,B2C,B2C,monthly,49.0,3.1976818085530043e-09
S14565,U03577,B2C,B2C,monthly,49.0,7.961229333587468e-08
S14628,U03640,B2C,B2C,monthly,49.0,1.0539526485517014e-10
S05457,U01078,B2C,B2C,monthly,49.0,9.430021105940072e-07
S06069,U01180,B2C,B2C,monthly,49.0,0.2321929047224191
S06873,U01312,SMB,B2B,monthly,282.68,2.638204026155665e-08
S07102,U01352,B2C,B2C,monthly,49.0,8.115447109771828e-05
S07371,U01392,B2C,B2C,monthly,49.0,1.5366027181444222e-06
S07954,U01503,B2C,B2C,annual,33.25,2.570360607582822e-10
S08044,U01523,B2C,B2C,annual,33.25,1.7377748244866928e-05
S08128,U01536,B2C,B2C,annual,33.25,7.728276486761836e-05
S08154,U01541,B2C,B2C,monthly,49.0,3.580248906278512e-09
S08247,U01555,B2C,B2C,annual,33.25,1.2131498743404356e-09
S08298,U01569,SMB,B2B,annual,149.92,2.149804590729809e-09
S08455,U01603,B2C,B2C,monthly,49.0,0.04668208663012061
S08928,U01697,B2C,B2C,monthly,49.0,4.0398332327038047e-08
S09180,U01746,B2C,B2C,monthly,49.0,1.2409182788888178e-08
S09522,U01808,B2C,B2C,monthly,49.0,2.8193363243516088e-06
S09752,U01851,SMB,B2B,monthly,267.52,8.044685913982847e-11
S09805,U01862,SMB,B2B,monthly,245.91,1.194603162469133e-10
S09885,U01883,B2C,B2C,monthly,49.0,5.204699644124769e-08
S10275,U01968,B2C,B2C,monthly,49.0,1.1255602663910314e-05
S10408,U01998,B2C,B2C,monthly,49.0,1.0140352775138758e-09
S10903,U02121,B2C,B2C,monthly,49.0,0.00033204337304131617
S11064,U02159,B2C,B2C,monthly,49.0,3.1078323352398923e-10
S11165,U02180,B2C,B2C,monthly,49.0,0.9609206513140479
S11174,U02182,SMB,B2B,monthly,212.41,3.2851642095725024e-11
S11449,U02274,B2C,B2C,monthly,49.0,0.0009852811127092087
S11593,U02309,B2C,B2C,monthly,49.0,0.0054793453682957256
S11702,U02340,B2C,B2C,monthly,49.0,0.0016324551790807195
S12128,U02470,B2C,B2C,monthly,49.0,0.7238405785770362
S12143,U02473,B2C,B2C,monthly,49.0,0.7848301925655021
S12223,U02492,B2C,B2C,monthly,49.0,2.26542493736191e-06
S12329,U02519,B2C,B2C,monthly,49.0,3.334858980938771e-08
S12489,U02569,SMB,B2B,monthly,198.21,0.0001139105965600351
S12615,U02619,B2C,B2C,monthly,49.0,0.003122439145236713
S12624,U02623,B2C,B2C,monthly,49.0,0.00012242993989407014
S12717,U02654,B2C,B2C,monthly,49.0,0.00017867480711765296
S12738,U02661,B2C,B2C,monthly,49.0,0.005303755439289822
S13079,U02776,SMB,B2B,monthly,199.0,3.038169606484311e-11
S13096,U02788,B2C,B2C,monthly,49.0,3.052620600214004e-06
S13335,U02879,B2C,B2C,monthly,49.0,1.564277742972209e-08
S13419,U02912,B2C,B2C,monthly,49.0,1.9143454037251715e-08
S13633,U03004,B2C,B2C,monthly,49.0,4.975817317024826e-05
S13741,U03055,B2C,B2C,monthly,49.0,0.973825576541538
S13814,U03090,B2C,B2C,monthly,49.0,0.0002546529248500113
S13825,U03097,B2C,B2C,monthly,49.0,2.2260511968500148e-08
S13896,U03134,B2C,B2C,monthly,49.0,2.044252034206656e-08
S13911,U03141,B2C,B2C,monthly,49.0,1.4739551617177641e-06
S13919,U03145,B2C,B2C,monthly,49.0,0.00038892203237210927
S14119,U03253,B2C,B2C,monthly,49.0,2.567587183055914e-06
S14184,U03293,B2C,B2C,monthly,49.0,0.0005071408563998694
S14206,U03307,B2C,B2C,monthly,49.0,4.302985018608995e-07
S14227,U03320,B2C,B2C,monthly,49.0,3.286660693415224e-05
S14277,U03352,B2C,B2C,monthly,49.0,0.048000404004380846
S14350,U03394,B2C,B2C,monthly,49.0,0.061659695565498725
S14367,U03404,B2C,B2C,monthly,49.0,0.00033639263684182323
S14410,U03432,SMB,B2B,monthly,199.0,7.57113082771934e-11
S14448,U03460,B2C,B2C,monthly,49.0,8.723690002122111e-07
S14453,U03465,B2C,B2C,monthly,49.0,5.043653045528409e-08
S14462,U03474,B2C,B2C,monthly,49.0,0.27396431528366183
S14475,U03487,B2C,B2C,monthly,49.0,0.0040005045518891
S14491,U03503,B2C,B2C,monthly,49.0,4.77431507787303e-07
S14499,U03511,B2C,B2C,monthly,49.0,3.904478954747114e-08
S14541,U03553,B2C,B2C,monthly,49.0,9.265026443265045e-06
S14553,U03565,B2C,B2C,monthly,49.0,2.4117836035320128e-06
S14577,U03589,B2C,B2C,monthly,49.0,2.138978118937122e-06
S06247,U01211,B2C,B2C,monthly,49.0,0.002012935835750088
S06263,U01213,B2C,B2C,monthly,49.0,3.106933411069826e-05
S08203,U01548,B2C,B2C,annual,33.25,0.010754385843536758
S08227,U01551,B2C,B2C,annual,33.25,0.00584105064760481
S08286,U01563,SMB,B2B,monthly,263.31,5.362402075449206e-07
S08363,U01579,Enterprise,B2B,annual,825.0,4.375994745254137e-15
S08367,U01583,Enterprise,B2B,annual,825.0,3.823338085976307e-11
S08879,U01692,B2C,B2C,monthly,49.0,1.5028076948762861e-09
S09037,U01716,SMB,B2B,monthly,231.61,1.8022598900038894e-05
S09266,U01761,B2C,B2C,monthly,49.0,0.7825506340978204
S09544,U01812,B2C,B2C,monthly,49.0,0.0017835324918394583
S09774,U01855,SMB,B2B,monthly,208.91,1.2161888929616784e-10
S10011,U01912,B2C,B2C,monthly,49.0,0.007907049998940341
S10668,U02067,B2C,B2C,monthly,49.0,2.584250482900711e-05
S10676,U02068,B2C,B2C,monthly,49.0,0.012493625043260997
S10748,U02084,B2C,B2C,monthly,49.0,0.979067140822383
S11466,U02279,B2C,B2C,monthly,49.0,0.4651075470990606
S11542,U02297,B2C,B2C,monthly,49.0,0.9827158390992049
S11626,U02317,B2C,B2C,monthly,49.0,2.6280607629034025e-09
S11867,U02385,SMB,B2B,monthly,233.67,1.4028703040760189e-06
S11927,U02407,B2C,B2C,monthly,49.0,4.157438358296632e-07
S12071,U02451,B2C,B2C,monthly,49.0,4.45404877812614e-10
S12162,U02477,B2C,B2C,monthly,49.0,5.139875395365562e-06
S12235,U02495,B2C,B2C,monthly,49.0,0.00047462660707618204
S12280,U02505,B2C,B2C,monthly,49.0,0.022287536634542766
S12323,U02518,B2C,B2C,monthly,49.0,9.386617438044514e-06
S12371,U02530,B2C,B2C,monthly,49.0,0.0012577963474599374
S12523,U02585,Enterprise,B2B,monthly,1215.21,4.8626263126403535e-15
S12530,U02588,B2C,B2C,monthly,49.0,7.9518288269843e-08
S12630,U02625,B2C,B2C,monthly,49.0,1.2415086951646355e-09
S12659,U02634,B2C,B2C,monthly,49.0,0.05009442997184215
S12800,U02680,B2C,B2C,monthly,49.0,1.0695186572754384e-05
S12855,U02695,B2C,B2C,monthly,49.0,0.0005824997509701473
S12942,U02727,B2C,B2C,monthly,49.0,0.00024261794198979233
S12947,U02728,B2C,B2C,monthly,49.0,5.9382880958839496e-05
S13160,U02814,B2C,B2C,monthly,49.0,4.535053443971774e-10
S13248,U02849,B2C,B2C,monthly,49.0,2.4597329833300737e-12
S13331,U02878,B2C,B2C,monthly,49.0,2.408305586819536e-09
S13435,U02919,B2C,B2C,monthly,49.0,0.0030380803430301905
S13618,U02996,B2C,B2C,monthly,49.0,2.4626383398722586e-06
S13727,U03049,B2C,B2C,monthly,49.0,0.0009675124044553333
S13745,U03057,B2C,B2C,monthly,49.0,0.0034875248149751786
S13768,U03066,B2C,B2C,monthly,49.0,1.4000989602712352e-06
S13807,U03085,B2C,B2C,monthly,49.0,6.670728019736533e-08
S13859,U03113,B2C,B2C,monthly,49.0,5.634374074722409e-06
S13914,U03142,B2C,B2C,monthly,49.0,3.20892250874121e-09
S14000,U03183,B2C,B2C,monthly,49.0,7.850056341097263e-07
S14047,U03210,SMB,B2B,monthly,199.0,2.2862770760717473e-07
S14135,U03263,B2C,B2C,monthly,49.0,0.00017382554900005644
S14158,U03278,B2C,B2C,monthly,49.0,1.5594751894079706e-06
S14175,U03288,B2C,B2C,monthly,49.0,6.564208595671129e-05
S14295,U03361,B2C,B2C,monthly,49.0,0.8618122110047712
S14337,U03386,B2C,B2C,monthly,49.0,0.0006905210617360561
S14402,U03427,SMB,B2B,monthly,199.0,6.730318608042113e-14
S14414,U03434,SMB,B2B,monthly,199.0,6.41010817132185e-12
S14460,U03472,B2C,B2C,monthly,49.0,0.004054020515405177
S14506,U03518,B2C,B2C,monthly,49.0,0.04267740040029294
S14525,U03537,B2C,B2C,monthly,49.0,2.5917301968287815e-06
S14551,U03563,B2C,B2C,monthly,49.0,1.0837352924915617e-11
S14669,U03681,SMB,B2B,monthly,199.0,3.153668824464418e-05
S14672,U03684,SMB,B2B,monthly,199.0,0.000530640093597019
S06134,U01195,SMB,B2B,monthly,199.0,1.7783438992919188e-09
S06741,U01290,B2C,B2C,monthly,49.0,4.036168774953666e-07
S06839,U01307,SMB,B2B,monthly,371.83,6.037592278813102e-08
S07177,U01361,B2C,B2C,monthly,49.0,0.006611364485529555
S07652,U01445,SMB,B2B,monthly,244.38,3.608300580806429e-07
S07761,U01467,B2C,B2C,monthly,49.0,7.227489494334606e-06
S07763,U01469,B2C,B2C,annual,33.25,0.008926927641780786
S07923,U01495,B2C,B2C,monthly,49.0,8.913701881591024e-08
S07974,U01506,B2C,B2C,annual,33.25,1.2001053345202659e-06
S08272,U01560,SMB,B2B,annual,149.92,1.8652406284164352e-05
S08397,U01591,B2C,B2C,monthly,49.0,0.11962161067062795
S08762,U01668,B2C,B2C,monthly,49.0,9.870878008484175e-11
S09058,U01723,SMB,B2B,monthly,332.91,0.0006409860714636575
S09486,U01803,B2C,B2C,monthly,49.0,1.2364495615428913e-05
S09652,U01832,B2C,B2C,monthly,49.0,0.004063129673169437
S10080,U01928,B2C,B2C,monthly,49.0,0.012943992517314583
S10178,U01953,B2C,B2C,monthly,49.0,0.7697811536630493
S10210,U01957,B2C,B2C,monthly,49.0,6.740221178450928e-06
S10219,U01958,B2C,B2C,monthly,49.0,3.157079803643052e-05
S10229,U01960,B2C,B2C,monthly,49.0,9.327648069985478e-09
S10712,U02076,B2C,B2C,monthly,49.0,0.0036297255045406422
S10740,U02083,B2C,B2C,monthly,49.0,4.935067432327515e-07
S11134,U02174,B2C,B2C,monthly,49.0,0.00036293356815695086
S11483,U02285,B2C,B2C,monthly,49.0,0.0003518494037739609
S11939,U02409,B2C,B2C,monthly,49.0,0.021535829317361803
S12028,U02440,B2C,B2C,monthly,49.0,0.009848546140935142
S12064,U02449,B2C,B2C,monthly,49.0,0.003641507879359099
S12156,U02476,B2C,B2C,monthly,49.0,0.06211209177537431
S12176,U02481,B2C,B2C,monthly,49.0,1.1232984386258708e-05
S12244,U02497,B2C,B2C,monthly,49.0,5.2317713289263e-09
S12377,U02531,B2C,B2C,monthly,49.0,1.2320226689803778e-05
S12396,U02537,B2C,B2C,monthly,49.0,0.004163776338087845
S12441,U02550,B2C,B2C,monthly,49.0,0.00014140362732038763
S12571,U02604,B2C,B2C,monthly,49.0,1.5172079435390298e-05
S12642,U02628,B2C,B2C,monthly,49.0,1.884504284859082e-07
S12687,U02645,B2C,B2C,monthly,49.0,0.03690624476517728
S12762,U02666,B2C,B2C,monthly,49.0,0.49001010777982323
S12780,U02670,B2C,B2C,monthly,49.0,1.9537556166239746e-07
S12889,U02709,B2C,B2C,monthly,49.0,0.00010137604968063194
S13047,U02763,SMB,B2B,monthly,199.0,9.457018815750864e-05
S13439,U02920,B2C,B2C,monthly,49.0,4.912944136792018e-07
S13470,U02932,B2C,B2C,monthly,49.0,0.00034658379785929586
S13540,U02962,SMB,B2B,monthly,199.0,0.00028318971959455364
S13642,U03007,B2C,B2C,monthly,49.0,1.9671649744972968e-08
S13678,U03026,B2C,B2C,monthly,49.0,0.7227548310602406
S13691,U03032,B2C,B2C,monthly,49.0,0.0001508594752490572
S13780,U03071,B2C,B2C,monthly,49.0,8.587903344893067e-09
S13799,U03081,B2C,B2C,monthly,49.0,3.400786838573364e-08
S13839,U03103,B2C,B2C,monthly,49.0,3.5843038853520317e-06
S13848,U03108,B2C,B2C,monthly,49.0,0.0011624503102838388
S13855,U03111,B2C,B2C,monthly,49.0,5.013614555335227e-06
S13902,U03136,B2C,B2C,monthly,49.0,1.7590966683672166e-08
S13984,U03176,B2C,B2C,monthly,49.0,5.678913417422088e-08
S14004,U03185,SMB,B2B,monthly,199.0,1.364020926572e-11
S14029,U03198,SMB,B2B,monthly,159.95,1.3279434619564336e-06
S14083,U03232,B2C,B2C,monthly,49.0,2.596978908978481e-06
S14161,U03280,B2C,B2C,monthly,49.0,6.29393872898426e-07
S14201,U03304,B2C,B2C,monthly,49.0,1.816179665933337e-09
S14253,U03337,B2C,B2C,monthly,49.0,1.3594193006570765e-06
S14352,U03395,B2C,B2C,monthly,49.0,4.774213222670737e-05
S14358,U03399,B2C,B2C,monthly,49.0,1.0274384806703399e-10
S14381,U03412,SMB,B2B,monthly,199.0,1.3471020638875366e-09
S14416,U03435,SMB,B2B,monthly,199.0,1.0873643216171382e-10
S14446,U03458,B2C,B2C,monthly,49.0,0.0016022365148280664
S14451,U03463,B2C,B2C,monthly,49.0,0.10115866738451343
S14461,U03473,B2C,B2C,monthly,49.0,1.658372831304442e-07
S14486,U03498,B2C,B2C,monthly,49.0,0.00033299688235979906
S14492,U03504,B2C,B2C,monthly,49.0,0.09959844754265618
S14504,U03516,B2C,B2C,monthly,49.0,0.00014939528055458575
S14509,U03521,B2C,B2C,monthly,49.0,1.060727231388803e-11
S14538,U03550,B2C,B2C,monthly,49.0,0.029496983763564518
S14558,U03570,B2C,B2C,monthly,49.0,0.9150901984631288
S14575,U03587,B2C,B2C,monthly,49.0,0.0006126034227550332
S14594,U03606,B2C,B2C,monthly,49.0,1.6932736320954993e-09
S14595,U03607,B2C,B2C,monthly,49.0,6.2937794407264575e-09
S14612,U03624,B2C,B2C,monthly,49.0,4.189661762144573e-06
S14636,U03648,B2C,B2C,monthly,49.0,0.00025538977205568963
S14678,U03690,Enterprise,B2B,monthly,990.0,4.2485167762402923e-10
S05057,U01005,B2C,B2C,monthly,49.0,1.4803999380632567e-06
S06542,U01257,B2C,B2C,monthly,49.0,0.12260747997420281
S06712,U01282,B2C,B2C,monthly,49.0,3.962003806075037e-09
S07357,U01391,B2C,B2C,monthly,49.0,7.946856806386534e-06
S07624,U01442,SMB,B2B,monthly,346.54,0.0013796625641580974
S07835,U01481,B2C,B2C,monthly,49.0,1.0226788437901936e-07
S07934,U01497,B2C,B2C,annual,33.25,7.627914991309478e-05
S07951,U01500,B2C,B2C,annual,33.25,0.02240222797934775
S08045,U01524,B2C,B2C,annual,33.25,3.22408312037043e-08
S08270,U01558,SMB,B2B,annual,149.92,1.4671332041454837e-06
S08521,U01617,B2C,B2C,monthly,49.0,1.014240312919944e-05
S08595,U01632,B2C,B2C,monthly,49.0,0.9185632847431598
S08735,U01664,B2C,B2C,monthly,49.0,0.48483668704345273
S08773,U01669,B2C,B2C,monthly,49.0,0.9215573337093621
S08953,U01700,B2C,B2C,monthly,49.0,7.45554789784591e-09
S09025,U01714,SMB,B2B,monthly,187.07,6.296388643832182e-08
S09164,U01743,B2C,B2C,monthly,49.0,0.37280431725022695
S09572,U01818,B2C,B2C,monthly,49.0,0.0004478543795829083
S09642,U01831,B2C,B2C,monthly,49.0,1.5893250666533974e-07
S09815,U01863,SMB,B2B,monthly,233.62,4.435662022751897e-10
S10593,U02049,B2C,B2C,monthly,49.0,0.1612302443533317
S10693,U02071,B2C,B2C,monthly,49.0,3.2364260099010455e-07
S10798,U02096,B2C,B2C,monthly,49.0,4.096329885274334e-10
S10868,U02116,B2C,B2C,monthly,49.0,8.54321045408909e-08
S10935,U02127,B2C,B2C,monthly,49.0,0.0006524883311838234
S11565,U02301,B2C,B2C,monthly,49.0,0.05471333256854741
S11743,U02350,B2C,B2C,monthly,49.0,0.08249002474271941
S11997,U02432,B2C,B2C,monthly,49.0,5.426972004320095e-07
S12185,U02483,B2C,B2C,monthly,49.0,0.016027692106677708
S12342,U02522,B2C,B2C,monthly,49.0,0.004073056752732887
S12362,U02527,B2C,B2C,monthly,49.0,2.1054141120205423e-08
S12402,U02538,B2C,B2C,monthly,49.0,0.2156716207660358
S12584,U02609,B2C,B2C,monthly,49.0,3.672066192417494e-05
S12681,U02643,B2C,B2C,monthly,49.0,0.00023793411929006803
S12748,U02663,B2C,B2C,monthly,49.0,4.641378298673047e-05
S12926,U02720,B2C,B2C,monthly,49.0,0.0028937837870637168
S13042,U02762,SMB,B2B,monthly,199.0,0.02619435381237868
S13111,U02793,B2C,B2C,monthly,49.0,0.00012263631694210526
S13121,U02797,B2C,B2C,monthly,49.0,0.0028176649859028894
S13137,U02803,B2C,B2C,monthly,49.0,1.1320337810353727e-06
S13167,U02816,B2C,B2C,monthly,49.0,0.009449454740845296
S13282,U02862,B2C,B2C,monthly,49.0,0.6103061685312873
S13320,U02874,B2C,B2C,monthly,49.0,4.5718710686152936e-08
S13324,U02875,B2C,B2C,monthly,49.0,0.011295791299350062
S13351,U02886,B2C,B2C,monthly,49.0,2.1710266733128454e-05
S13380,U02899,B2C,B2C,monthly,49.0,2.9638410487127618e-08
S13452,U02926,B2C,B2C,monthly,49.0,0.0020378494560651197
S13459,U02928,B2C,B2C,monthly,49.0,0.0005687193682595418
S13584,U02977,SMB,B2B,monthly,219.57,5.241425558987527e-11
S13723,U03047,B2C,B2C,monthly,49.0,0.6280684150137023
S13752,U03060,B2C,B2C,monthly,49.0,1.3491183678643025e-05
S13761,U03063,B2C,B2C,monthly,49.0,4.418965072566686e-05
S13787,U03074,B2C,B2C,monthly,49.0,1.044176371653815e-06
S13792,U03077,B2C,B2C,monthly,49.0,0.384552768488614
S13821,U03095,B2C,B2C,monthly,49.0,2.696283991022645e-10
S13862,U03114,B2C,B2C,monthly,49.0,0.00021293949722521715
S13885,U03128,B2C,B2C,monthly,49.0,1.0845286689552722e-11
S13942,U03155,B2C,B2C,monthly,49.0,0.15377042755365347
S13948,U03157,B2C,B2C,monthly,49.0,3.8165256728471675e-09
S13956,U03161,B2C,B2C,monthly,49.0,0.5118294693629479
S13959,U03162,B2C,B2C,monthly,49.0,2.290913847983896e-05
S14051,U03212,SMB,B2B,monthly,199.0,9.80757972792184e-09
S14099,U03241,B2C,B2C,monthly,49.0,1.6066331219586068e-11
S14129,U03259,B2C,B2C,monthly,49.0,2.239888219179719e-11
S14140,U03267,B2C,B2C,monthly,49.0,0.00023832987433433493
S14163,U03281,B2C,B2C,monthly,49.0,2.99609488140342e-07
S14323,U03377,B2C,B2C,monthly,49.0,0.001126243180118705
S14343,U03389,B2C,B2C,monthly,49.0,0.003971787655959439
S14449,U03461,B2C,B2C,monthly,49.0,8.315435152799744e-06
S14559,U03571,B2C,B2C,monthly,49.0,0.0003378798911582541
S14579,U03591,B2C,B2C,monthly,49.0,4.5330085399490846e-10
S14580,U03592,B2C,B2C,monthly,49.0,0.0004187215186208524
S14586,U03598,B2C,B2C,monthly,49.0,1.5766586620621472e-08
S14620,U03632,B2C,B2C,monthly,49.0,9.949883904777336e-05
S05033,U01002,B2C,B2C,monthly,49.0,0.036683518289635904
S05896,U01156,B2C,B2C,monthly,49.0,1.1607710723020217e-05
S06232,U01210,B2C,B2C,monthly,49.0,0.013763612172165105
S06372,U01231,B2C,B2C,monthly,49.0,5.342916901267219e-07
S06452,U01243,B2C,B2C,monthly,49.0,1.1780562207626447e-05
S07857,U01486,B2C,B2C,annual,33.25,0.08844104232055201
S07995,U01511,B2C,B2C,monthly,49.0,1.2493337992462269e-05
S08127,U01535,B2C,B2C,monthly,49.0,1.259010044874505e-11
S08347,U01574,SMB,B2B,monthly,238.74,6.889689106640002e-08
S08361,U01577,SMB,B2B,monthly,197.38,0.11474647736927887
S08495,U01611,B2C,B2C,monthly,49.0,0.1583320273725436
S09009,U01712,SMB,B2B,monthly,246.95,1.3537079691729044e-07
S09205,U01751,B2C,B2C,monthly,49.0,1.209493441435769e-07
S09230,U01756,B2C,B2C,monthly,49.0,0.9948699306940191
S09241,U01757,B2C,B2C,monthly,49.0,9.155955797815982e-08
S09631,U01830,B2C,B2C,monthly,49.0,0.01929382792685647
S09794,U01860,SMB,B2B,monthly,273.79,0.0010342869040251587
S10243,U01963,B2C,B2C,monthly,49.0,0.00019677905341692492
S10499,U02022,SMB,B2B,monthly,237.07,9.598181049688132e-06
S10555,U02040,B2C,B2C,monthly,49.0,0.00015519409444796477
S10758,U02087,B2C,B2C,monthly,49.0,0.0030113943884407185
S10972,U02135,B2C,B2C,monthly,49.0,0.00019332544613403124
S11088,U02163,B2C,B2C,monthly,49.0,0.9860388005671292
S11114,U02168,B2C,B2C,monthly,49.0,3.845427778143058e-10
S11520,U02293,B2C,B2C,monthly,49.0,0.00018094212781633772
S11679,U02331,B2C,B2C,monthly,49.0,0.0011615681094690378
S11914,U02404,B2C,B2C,monthly,49.0,1.00809675115919e-06
S12198,U02486,B2C,B2C,monthly,49.0,0.0001044892598799908
S12250,U02498,B2C,B2C,monthly,49.0,4.2034152565089505e-07
S12383,U02532,B2C,B2C,monthly,49.0,0.28577184846075
S12469,U02561,SMB,B2B,monthly,210.99,1.0086177608684654e-06
S12503,U02572,SMB,B2B,monthly,222.2,0.07304851866612579
S12864,U02698,B2C,B2C,monthly,49.0,2.696343717267604e-10
S13182,U02821,B2C,B2C,monthly,49.0,0.9043705403982424
S13197,U02827,B2C,B2C,monthly,49.0,5.8060189592787836e-05
S13609,U02991,Enterprise,B2B,monthly,990.0,8.864878738372902e-13
S13648,U03010,B2C,B2C,monthly,49.0,0.00016554694717824827
S13681,U03027,B2C,B2C,monthly,49.0,1.2784990865557616e-06
S13749,U03059,B2C,B2C,monthly,49.0,1.3523322250966309e-06
S13866,U03116,B2C,B2C,monthly,49.0,0.8604527922353538
S13905,U03137,B2C,B2C,monthly,49.0,0.006033675953063434
S13988,U03178,B2C,B2C,monthly,49.0,0.27229270322788734
S14008,U03187,SMB,B2B,monthly,199.0,2.4068799429610794e-07
S14015,U03190,SMB,B2B,monthly,233.86,3.910751639285569e-12
S14085,U03233,B2C,B2C,monthly,49.0,2.139030195664671e-09
S14123,U03255,B2C,B2C,monthly,49.0,2.2044949695032846e-06
S14151,U03274,B2C,B2C,monthly,49.0,3.863710031822572e-05
S14187,U03295,B2C,B2C,monthly,49.0,2.455614269788638e-08
S14209,U03309,B2C,B2C,monthly,49.0,2.1125935397252525e-09
S14257,U03339,B2C,B2C,monthly,49.0,0.004069674301256821
S14311,U03370,B2C,B2C,monthly,49.0,0.00031018985846610234
S14364,U03402,B2C,B2C,monthly,49.0,5.052542288858309e-09
S14405,U03429,SMB,B2B,monthly,199.0,1.193331664674618e-09
S14424,U03440,SMB,B2B,monthly,199.0,4.4599063996433955e-06
S14452,U03464,B2C,B2C,monthly,49.0,5.151070301240068e-05
S14473,U03485,B2C,B2C,monthly,49.0,1.4313963836074571e-05
S14489,U03501,B2C,B2C,monthly,49.0,5.501542691711944e-05
S14511,U03523,B2C,B2C,monthly,49.0,9.577672288093563e-11
S14529,U03541,B2C,B2C,monthly,49.0,0.25774271065571275
S14537,U03549,B2C,B2C,monthly,49.0,0.1163900088504627
S14589,U03601,B2C,B2C,monthly,49.0,0.001098793758002635
S14597,U03609,B2C,B2C,monthly,49.0,0.0001045756086158226
S14643,U03655,SMB,B2B,monthly,199.0,7.851736735670103e-10
S07532,U01423,B2C,B2C,monthly,49.0,0.5254814296862496
S07665,U01446,SMB,B2B,monthly,226.52,1.9585600702836995e-10
S07728,U01458,B2C,B2C,annual,33.25,0.0032025642246136608
S08017,U01515,B2C,B2C,annual,33.25,0.0009580061042169798
S08043,U01522,B2C,B2C,annual,33.25,0.019771989286638307
S08130,U01538,B2C,B2C,annual,33.25,1.693982517204404e-05
S08362,U01578,Enterprise,B2B,annual,825.0,0.0013018164684657886
S08618,U01634,B2C,B2C,monthly,49.0,6.460891227389919e-05
S08750,U01666,B2C,B2C,monthly,49.0,6.86879736195549e-07
S09501,U01805,B2C,B2C,monthly,49.0,0.451958287476266
S10433,U02003,B2C,B2C,monthly,49.0,3.390984177752904e-11
S10585,U02048,B2C,B2C,monthly,49.0,8.01954679969158e-06
S10926,U02125,B2C,B2C,monthly,49.0,0.003360101968308176
S10980,U02136,B2C,B2C,monthly,49.0,1.1837967290018245e-09
S11028,U02152,B2C,B2C,monthly,49.0,2.041032183380601e-05
S11600,U02310,B2C,B2C,monthly,49.0,1.6982987722180448e-07
S11774,U02357,B2C,B2C,monthly,49.0,9.705805601538862e-05
S11884,U02392,SMB,B2B,monthly,269.69,1.6923488363077413e-08
S11920,U02405,B2C,B2C,monthly,49.0,4.643179592141753e-09
S12020,U02437,B2C,B2C,monthly,49.0,0.4558766089310605
S12034,U02441,B2C,B2C,monthly,49.0,0.24486476647506294
S12090,U02456,B2C,B2C,monthly,49.0,0.0017866723808287125
S12191,U02484,B2C,B2C,monthly,49.0,0.002130373799403496
S12356,U02526,B2C,B2C,monthly,49.0,5.527490745196068e-10
S12550,U02597,B2C,B2C,monthly,49.0,8.98153072419276e-06
S12901,U02713,B2C,B2C,monthly,49.0,1.8498480230431529e-09
S13062,U02770,SMB,B2B,monthly,259.15,2.9936572530728706e-12
S13266,U02855,B2C,B2C,monthly,49.0,4.034123063795878e-06
S13286,U02863,B2C,B2C,monthly,49.0,0.07448563848322752
S13428,U02915,B2C,B2C,monthly,49.0,5.728365612782037e-09
S13602,U02987,Enterprise,B2B,monthly,990.0,8.827539864626558e-12
S13615,U02995,B2C,B2C,monthly,49.0,4.408620517107091e-10
S13701,U03036,B2C,B2C,monthly,49.0,1.9861734201530257e-06
S13888,U03129,B2C,B2C,monthly,49.0,1.4336582173454597e-07
S14038,U03203,SMB,B2B,monthly,199.0,0.03824903167670781
S14081,U03231,B2C,B2C,monthly,49.0,0.14528298712101062
S14121,U03254,B2C,B2C,monthly,49.0,1.8037527896900575e-11
S14179,U03290,B2C,B2C,monthly,49.0,0.0168175916565941
S14199,U03303,B2C,B2C,monthly,49.0,1.1571780888489098e-06
S14261,U03342,B2C,B2C,monthly,49.0,0.9302669136552132
S14284,U03355,B2C,B2C,monthly,49.0,0.5873155985246764
S14297,U03362,B2C,B2C,monthly,49.0,7.053281096276915e-08
S14370,U03406,B2C,B2C,monthly,49.0,1.775579812782835e-05
S14441,U03454,Enterprise,B2B,monthly,990.0,1.8149433061944608e-07
S14450,U03462,B2C,B2C,monthly,49.0,0.0037705940117185198
S14485,U03497,B2C,B2C,monthly,49.0,5.100709675044847e-09
S14500,U03512,B2C,B2C,monthly,49.0,1.3902289993569905e-05
S14507,U03519,B2C,B2C,monthly,49.0,2.632986793696512e-05
S14563,U03575,B2C,B2C,monthly,49.0,8.058199390647115e-11
S14583,U03595,B2C,B2C,monthly,49.0,0.001651340937039362
S14604,U03616,B2C,B2C,monthly,49.0,0.11964226307322756
S14657,U03669,SMB,B2B,monthly,199.0,8.400069190460765e-07
S05670,U01112,B2C,B2C,monthly,49.0,4.0618730740732115e-10
S05945,U01165,B2C,B2C,monthly,49.0,1.0838898860147037e-07
S06390,U01234,B2C,B2C,monthly,49.0,2.8276674591737216e-06
S06431,U01239,B2C,B2C,monthly,49.0,5.236457852615204e-08
S07082,U01349,B2C,B2C,monthly,49.0,0.004106961243502533
S07517,U01421,B2C,B2C,monthly,49.0,0.0002910734857489302
S08023,U01518,B2C,B2C,annual,33.25,0.00011872577449247577
S08100,U01532,B2C,B2C,annual,33.25,0.003411247492552184
S08335,U01573,SMB,B2B,monthly,210.36,0.3006159528230561
S08366,U01582,Enterprise,B2B,annual,825.0,1.2631529631666874e-14
S08408,U01592,B2C,B2C,monthly,49.0,2.7433780864264516e-07
S08466,U01604,B2C,B2C,monthly,49.0,0.0024078346292392507
S09311,U01766,B2C,B2C,monthly,49.0,3.0258677335177517e-06
S10388,U01995,B2C,B2C,monthly,49.0,0.0004793758562897108
S10685,U02070,B2C,B2C,monthly,49.0,0.7983662864664463
S11709,U02341,B2C,B2C,monthly,49.0,0.004457014892328116
S11762,U02354,B2C,B2C,monthly,49.0,2.1175304105572927e-06
S12209,U02488,B2C,B2C,monthly,49.0,0.7264460169966075
S12829,U02688,B2C,B2C,monthly,49.0,2.719123147887205e-05
S12917,U02717,B2C,B2C,monthly,49.0,6.70900482325765e-10
S12953,U02730,B2C,B2C,monthly,49.0,1.7769041889838935e-07
S13172,U02818,B2C,B2C,monthly,49.0,0.11244651168526439
S13186,U02822,B2C,B2C,monthly,49.0,1.0981723208646587e-07
S13294,U02865,B2C,B2C,monthly,49.0,0.9941380658089266
S13389,U02902,B2C,B2C,monthly,49.0,0.33037267032681394
S13443,U02921,B2C,B2C,monthly,49.0,1.7829546225314395e-07
S13670,U03022,B2C,B2C,monthly,49.0,0.6043023015952778
S13688,U03031,B2C,B2C,monthly,49.0,0.49412553415538657
S13932,U03151,B2C,B2C,monthly,49.0,0.010716384850304978
S14236,U03326,B2C,B2C,monthly,49.0,1.0745203796097576e-06
S14317,U03374,B2C,B2C,monthly,49.0,0.0001112016913093185
S14319,U03375,B2C,B2C,monthly,49.0,1.354167568789177e-09
S14396,U03422,SMB,B2B,monthly,199.0,0.0002398328506441983
S14445,U03457,B2C,B2C,monthly,49.0,0.002469125233645165
S14457,U03469,B2C,B2C,monthly,49.0,0.02123473645144332
S14508,U03520,B2C,B2C,monthly,49.0,3.307872202567915e-07
S14513,U03525,B2C,B2C,monthly,49.0,2.605039506373102e-07
S14515,U03527,B2C,B2C,monthly,49.0,0.0013774524024099558
S14528,U03540,B2C,B2C,monthly,49.0,4.2600190124897823e-07
S14539,U03551,B2C,B2C,monthly,49.0,8.652260159944078e-08
S14546,U03558,B2C,B2C,monthly,49.0,8.513913729558997e-07
S14596,U03608,B2C,B2C,monthly,49.0,0.6766089543547631
S14598,U03610,B2C,B2C,monthly,49.0,0.00018481470036720346
S14660,U03672,SMB,B2B,monthly,199.0,7.548814764689203e-06
S05212,U01039,B2C,B2C,monthly,49.0,0.9982992789006765
S05276,U01044,B2C,B2C,monthly,49.0,0.09570013621140033
S05779,U01133,B2C,B2C,monthly,49.0,0.9972700371956783
S05962,U01167,B2C,B2C,monthly,49.0,0.4339606515788575
S06175,U01203,B2C,B2C,monthly,49.0,4.5845259903609335e-05
S06617,U01272,B2C,B2C,monthly,49.0,5.517790429650706e-05
S06909,U01318,SMB,B2B,monthly,223.15,4.139766462775723e-11
S07736,U01463,B2C,B2C,annual,33.25,0.0006974699561738457
S07952,U01501,B2C,B2C,annual,33.25,0.22607509889019428
S08112,U01533,B2C,B2C,monthly,49.0,0.0007205021993407799
S08226,U01550,B2C,B2C,monthly,49.0,4.465763724053141e-06
S08297,U01568,SMB,B2B,annual,149.92,1.0994587675797742e-12
S08433,U01596,B2C,B2C,monthly,49.0,0.0005608591657248615
S08813,U01679,B2C,B2C,monthly,49.0,0.11932943643006357
S08824,U01680,B2C,B2C,monthly,49.0,2.2882360800085165e-06
S08836,U01681,B2C,B2C,monthly,49.0,1.1705655319028302e-07
S08851,U01684,B2C,B2C,monthly,49.0,0.6013513259974769
S09610,U01826,B2C,B2C,monthly,49.0,3.345962076214636e-05
S09876,U01882,B2C,B2C,monthly,49.0,0.9207087351754594
S10252,U01964,B2C,B2C,monthly,49.0,1.934989921143557e-06
S11096,U02164,B2C,B2C,monthly,49.0,7.2214629758954064e-06
S11152,U02178,B2C,B2C,monthly,49.0,0.684412398234339
S11276,U02217,B2C,B2C,monthly,49.0,4.262334178130456e-09
S11307,U02228,B2C,B2C,monthly,49.0,0.00013466894138952884
S11322,U02232,B2C,B2C,monthly,49.0,7.148265178302647e-05
S11440,U02271,B2C,B2C,monthly,49.0,8.558998345297678e-09
S11534,U02295,B2C,B2C,monthly,49.0,1.5378041599803894e-05
S11755,U02353,B2C,B2C,monthly,49.0,0.03149660365454466
S11858,U02382,SMB,B2B,monthly,199.0,7.266140342589972e-05
S11982,U02428,B2C,B2C,monthly,49.0,0.016695325478040486
S12043,U02444,B2C,B2C,monthly,49.0,0.9867310653336394
S12122,U02469,B2C,B2C,monthly,49.0,3.959070291050098e-05
S12462,U02559,SMB,B2B,monthly,199.0,6.075017332173556e-08
S12556,U02599,B2C,B2C,monthly,49.0,0.05459218883576949
S12578,U02607,B2C,B2C,monthly,49.0,0.009466652364352447
S12694,U02648,B2C,B2C,monthly,49.0,2.8487289085301975e-05
S12707,U02652,B2C,B2C,monthly,49.0,0.003831051483894624
S12712,U02653,B2C,B2C,monthly,49.0,8.89179347232395e-05
S12731,U02658,B2C,B2C,monthly,49.0,0.00024791120760886447
S12819,U02685,B2C,B2C,monthly,49.0,0.00014551225605552212
S12906,U02714,B2C,B2C,monthly,49.0,0.00023499414007989322
S12958,U02731,B2C,B2C,monthly,49.0,0.054201550900086465
S13178,U02820,B2C,B2C,monthly,49.0,0.10956681517925863
S13231,U02841,B2C,B2C,monthly,49.0,0.002043379924255654
S13304,U02869,B2C,B2C,monthly,49.0,4.969183789234498e-07
S13398,U02905,B2C,B2C,monthly,49.0,2.9217666088473397e-06
S13415,U02911,B2C,B2C,monthly,49.0,8.540209601509691e-06
S13475,U02934,B2C,B2C,monthly,49.0,1.7213164553733261e-07
S13636,U03005,B2C,B2C,monthly,49.0,2.9771020440817672e-05
S13720,U03046,B2C,B2C,monthly,49.0,0.6571805887840186
S13871,U03119,B2C,B2C,monthly,49.0,9.04418967858217e-07
S14056,U03215,SMB,B2B,monthly,199.0,8.25428444516334e-06
S14070,U03225,Enterprise,B2B,monthly,990.0,1.45530124782566e-18
S14073,U03227,B2C,B2C,monthly,49.0,5.015155573203597e-05
S14106,U03245,B2C,B2C,monthly,49.0,3.471404996780076e-09
S14148,U03272,B2C,B2C,monthly,49.0,5.422446786354829e-07
S14248,U03334,B2C,B2C,monthly,49.0,5.7221719704526234e-05
S14266,U03346,B2C,B2C,monthly,49.0,1.2753113015460014e-06
S14329,U03380,B2C,B2C,monthly,49.0,3.086669805963644e-06
S14339,U03387,B2C,B2C,monthly,49.0,0.00976544495402357
S14348,U03393,B2C,B2C,monthly,49.0,0.00040851937118373754
S14443,U03455,Enterprise,B2B,monthly,990.0,3.0770330317797483e-13
S14483,U03495,B2C,B2C,monthly,49.0,0.0008640716911132325
S14519,U03531,B2C,B2C,monthly,49.0,0.029635905462028416
S14571,U03583,B2C,B2C,monthly,49.0,0.8440434417333904
S14574,U03586,B2C,B2C,monthly,49.0,0.004952861676662553
S14588,U03600,B2C,B2C,monthly,49.0,7.824856908814238e-08
S14593,U03605,B2C,B2C,monthly,49.0,0.20532373737105672
S14609,U03621,B2C,B2C,monthly,49.0,0.014330056561198321
S14621,U03633,B2C,B2C,monthly,49.0,3.17662380110361e-06
S14666,U03678,SMB,B2B,monthly,199.0,3.696315827771122e-05
S14667,U03679,SMB,B2B,monthly,199.0,2.555864148517578e-05
S05379,U01063,B2C,B2C,monthly,49.0,0.010738904582097537
S05851,U01150,B2C,B2C,monthly,49.0,0.005394936888869791
S06004,U01172,B2C,B2C,monthly,49.0,0.028573762514711512
S06351,U01227,B2C,B2C,monthly,49.0,0.002233993021276684
S06495,U01250,B2C,B2C,monthly,49.0,5.581669917362234e-08
S06528,U01256,B2C,B2C,monthly,49.0,0.9430612524623743
S06765,U01293,B2C,B2C,monthly,49.0,3.585506451365145e-08
S06853,U01308,SMB,B2B,monthly,158.22,2.361354032919784e-07
S07384,U01393,B2C,B2C,monthly,49.0,0.0013849120031194186
S07421,U01399,B2C,B2C,monthly,49.0,0.008366782465158932
S07807,U01477,B2C,B2C,annual,33.25,4.4926438940814234e-05
S07973,U01505,B2C,B2C,monthly,49.0,1.0379973975607392e-05
S07996,U01512,B2C,B2C,annual,33.25,2.489511533219562e-10
S08310,U01570,SMB,B2B,monthly,199.0,1.1372155324179413e-08
S08422,U01595,B2C,B2C,monthly,49.0,1.560135652230999e-09
S09039,U01718,SMB,B2B,annual,149.92,8.925385792065703e-10
S09122,U01737,B2C,B2C,monthly,49.0,0.8940917174628141
S09132,U01738,B2C,B2C,monthly,49.0,8.246884933219672e-08
S09276,U01762,B2C,B2C,monthly,49.0,4.700624321149384e-06
S09533,U01810,B2C,B2C,monthly,49.0,2.574139526886328e-11
S09554,U01813,B2C,B2C,monthly,49.0,1.8049540442146937e-07
S10024,U01915,B2C,B2C,monthly,49.0,0.03478227425545309
S10101,U01933,B2C,B2C,monthly,49.0,0.07490609269933125
S10297,U01972,B2C,B2C,monthly,49.0,3.2120861134070677e-09
S10541,U02036,B2C,B2C,monthly,49.0,0.0008962124770083979
S10655,U02064,B2C,B2C,monthly,49.0,7.22945434472949e-09
S11122,U02169,B2C,B2C,monthly,49.0,0.02738618123812343
S11195,U02189,SMB,B2B,monthly,249.88,2.085859925799638e-10
S11458,U02277,B2C,B2C,monthly,49.0,0.22274635703661935
S11512,U02291,B2C,B2C,monthly,49.0,2.649119478816191e-07
S11549,U02298,B2C,B2C,monthly,49.0,0.2912827900356519
S11803,U02367,B2C,B2C,monthly,49.0,4.1793185587174777e-07
S12300,U02511,B2C,B2C,monthly,49.0,5.2660955657580876e-05
S12412,U02541,B2C,B2C,monthly,49.0,5.244463541691207e-12
S12480,U02566,SMB,B2B,monthly,271.15,4.076858354718843e-05
S12664,U02635,B2C,B2C,monthly,49.0,5.736601448216317e-05
S12805,U02681,B2C,B2C,monthly,49.0,0.012714923071129104
S12836,U02690,B2C,B2C,monthly,49.0,6.060765421217547e-07
S12967,U02736,B2C,B2C,monthly,49.0,2.7198455549469537e-06
S13026,U02756,SMB,B2B,monthly,269.21,2.003918969051072e-12
S13116,U02795,B2C,B2C,monthly,49.0,0.05456989675023162
S13290,U02864,B2C,B2C,monthly,49.0,0.00013487888295336966
S13561,U02970,SMB,B2B,monthly,223.83,7.631258417639774e-07
S13566,U02972,SMB,B2B,monthly,199.0,1.4433692600148953e-10
S13576,U02975,SMB,B2B,monthly,213.07,0.0014959402203958533
S13624,U02999,B2C,B2C,monthly,49.0,2.4861959990409993e-10
S13666,U03020,B2C,B2C,monthly,49.0,0.02995992182536202
S13714,U03042,B2C,B2C,monthly,49.0,0.8894092467977393
S13734,U03052,B2C,B2C,monthly,49.0,0.1800940810763359
S13929,U03150,B2C,B2C,monthly,49.0,0.00010018747117275182
S14090,U03236,B2C,B2C,monthly,49.0,7.025501809468216e-05
S14097,U03240,B2C,B2C,monthly,49.0,0.0008523509631274801
S14108,U03246,B2C,B2C,monthly,49.0,0.0008477869550564489
S14245,U03332,B2C,B2C,monthly,49.0,1.6291477710266226e-06
S14388,U03418,SMB,B2B,monthly,199.0,1.222646842548084e-10
S14510,U03522,B2C,B2C,monthly,49.0,3.4553261499806864e-08
S14512,U03524,B2C,B2C,monthly,49.0,0.0004979019055095086
S14522,U03534,B2C,B2C,monthly,49.0,0.0008777723579398694
S14530,U03542,B2C,B2C,monthly,49.0,0.0008357346563072881
S14557,U03569,B2C,B2C,monthly,49.0,0.04713118571592248
S14599,U03611,B2C,B2C,monthly,49.0,5.661178940534744e-06
S14606,U03618,B2C,B2C,monthly,49.0,0.0005230724217907205
S14611,U03623,B2C,B2C,monthly,49.0,8.129693208493528e-05
S14615,U03627,B2C,B2C,monthly,49.0,0.00010384955070364732
S07762,U01468,B2C,B2C,annual,33.25,0.0002446319232517647
S07823,U01480,B2C,B2C,monthly,49.0,0.02493224250054544
S07981,U01508,B2C,B2C,annual,33.25,2.5386790962769712e-06
S08179,U01543,B2C,B2C,monthly,49.0,6.703931600292122e-09
S08273,U01561,SMB,B2B,annual,149.92,0.8457396437299781
S08348,U01575,SMB,B2B,annual,149.92,1.7498822599923864e-05
S08379,U01585,B2C,B2C,monthly,49.0,3.2006861470776944e-08
S08629,U01635,B2C,B2C,monthly,49.0,1.5208744613245827e-05
S09381,U01782,B2C,B2C,monthly,49.0,4.436089330371512e-09
S09920,U01893,B2C,B2C,monthly,49.0,4.3498258810233765e-05
S10034,U01916,B2C,B2C,monthly,49.0,0.7152969497950906
S10345,U01982,B2C,B2C,monthly,49.0,2.1660167762377792e-10
S10572,U02044,B2C,B2C,monthly,49.0,2.7531474042380786e-05
S10806,U02097,B2C,B2C,monthly,49.0,0.7181286197102021
S10851,U02112,B2C,B2C,monthly,49.0,0.14170494314463966
S10879,U02118,B2C,B2C,monthly,49.0,0.935827775749297
S11075,U02161,B2C,B2C,monthly,49.0,4.9310203914945755e-12
S11717,U02343,B2C,B2C,monthly,49.0,3.880339278740648e-06
S11810,U02368,B2C,B2C,monthly,49.0,0.005411297046747781
S11988,U02429,B2C,B2C,monthly,49.0,0.2815693262053606
S12104,U02459,B2C,B2C,monthly,49.0,3.1219148024785287e-08
S12317,U02517,B2C,B2C,monthly,49.0,0.00044771902491030636
S12335,U02520,B2C,B2C,monthly,49.0,6.253411879228679e-05
S12884,U02708,B2C,B2C,monthly,49.0,0.0019452213328738227
S12912,U02716,B2C,B2C,monthly,49.0,3.303368285200503e-07
S13021,U02755,SMB,B2B,monthly,273.77,1.8367155017319895e-12
S13052,U02764,SMB,B2B,monthly,199.0,0.0008900749291076599
S13103,U02791,B2C,B2C,monthly,49.0,0.009840871211871294
S13316,U02873,B2C,B2C,monthly,49.0,7.939035871129019e-05
S13346,U02884,B2C,B2C,monthly,49.0,0.005606792040063914
S13364,U02894,B2C,B2C,monthly,49.0,4.3882551943315504e-07
S13394,U02904,B2C,B2C,monthly,49.0,0.00019956308892970742
S13423,U02913,B2C,B2C,monthly,49.0,1.4742073146823117e-07
S13521,U02954,B2C,B2C,monthly,49.0,0.028436622644554287
S13836,U03102,B2C,B2C,monthly,49.0,3.798091520147576e-09
S13851,U03109,B2C,B2C,monthly,49.0,0.0002520260549973354
S13967,U03166,B2C,B2C,monthly,49.0,1.099000865810778e-06
S14101,U03242,B2C,B2C,monthly,49.0,1.3927689576646578e-06
S14133,U03262,B2C,B2C,monthly,49.0,5.758068040496088e-07
S14167,U03284,B2C,B2C,monthly,49.0,5.933530592583213e-08
S14189,U03296,B2C,B2C,monthly,49.0,0.006251652036313258
S14225,U03319,B2C,B2C,monthly,49.0,0.0006344998334138076
S14243,U03331,B2C,B2C,monthly,49.0,0.00011698965356758841
S14275,U03351,B2C,B2C,monthly,49.0,5.525018925948003e-08
S14420,U03437,SMB,B2B,monthly,217.77,1.1170733796603724e-10
S14495,U03507,B2C,B2C,monthly,49.0,3.1163335329915884e-09
S14501,U03513,B2C,B2C,monthly,49.0,1.3069233107613037e-10
S14505,U03517,B2C,B2C,monthly,49.0,0.00029048361059422315
S14527,U03539,B2C,B2C,monthly,49.0,1.1031646229800847e-09
S14531,U03543,B2C,B2C,monthly,49.0,2.650782471107952e-07
S14533,U03545,B2C,B2C,monthly,49.0,9.190572850868336e-09
S14536,U03548,B2C,B2C,monthly,49.0,2.069009371687268e-05
S14549,U03561,B2C,B2C,monthly,49.0,0.7000989545488018
S14573,U03585,B2C,B2C,monthly,49.0,0.03790601297208873
S14605,U03617,B2C,B2C,monthly,49.0,0.005198113929586845
S14617,U03629,B2C,B2C,monthly,49.0,0.005639914553247234
S14634,U03646,B2C,B2C,monthly,49.0,0.10141147428797738
S05517,U01086,B2C,B2C,monthly,49.0,4.984511843880604e-09
S06149,U01196,SMB,B2B,monthly,209.22,1.3698212260084529e-06
S06795,U01298,B2C,B2C,monthly,49.0,6.496554724264017e-07
S07589,U01434,SMB,B2B,monthly,302.78,8.717473197399276e-14
S07700,U01453,B2C,B2C,monthly,49.0,1.7793524613076126e-05
S07808,U01478,B2C,B2C,annual,33.25,0.9453513492441052
S07880,U01489,B2C,B2C,monthly,49.0,6.871765327046188e-07
S08041,U01520,B2C,B2C,monthly,49.0,0.9889741468243299
S08274,U01562,SMB,B2B,annual,149.92,2.410564599612517e-09
S08349,U01576,SMB,B2B,annual,149.92,2.3416255246806012e-05
S08964,U01701,B2C,B2C,monthly,49.0,0.001592302357956378
S09145,U01740,B2C,B2C,monthly,49.0,1.2129428238547472e-06
S09445,U01794,B2C,B2C,monthly,49.0,0.04676328701488132
S10399,U01997,B2C,B2C,monthly,49.0,7.188939266519777e-08
S10484,U02020,SMB,B2B,monthly,199.0,0.09688945794154367
S10789,U02094,B2C,B2C,monthly,49.0,5.157821679124848e-05
S11104,U02165,B2C,B2C,monthly,49.0,1.4582551958133869e-05
S11257,U02212,B2C,B2C,monthly,49.0,1.2974741105049998e-07
S11300,U02227,B2C,B2C,monthly,49.0,9.97476413980709e-07
S11388,U02254,B2C,B2C,monthly,49.0,0.011338653756575423
S11527,U02294,B2C,B2C,monthly,49.0,8.402374646297752e-05
S11573,U02303,B2C,B2C,monthly,49.0,1.2882742797557683e-05
S11689,U02335,B2C,B2C,monthly,49.0,3.3088687939873964e-05
S11817,U02369,B2C,B2C,monthly,49.0,1.6892659439475733e-09
S12286,U02506,B2C,B2C,monthly,49.0,0.00044585187035617335
S12311,U02516,B2C,B2C,monthly,49.0,0.00019236276413028686
S12702,U02651,B2C,B2C,monthly,49.0,5.7247711470804135e-05
S12775,U02669,B2C,B2C,monthly,49.0,0.4692383892778221
S12896,U02712,B2C,B2C,monthly,49.0,0.0004158682406476425
S12972,U02737,B2C,B2C,monthly,49.0,0.5468663575447342
S12988,U02743,B2C,B2C,monthly,49.0,0.002617779779126399
S13153,U02811,B2C,B2C,monthly,49.0,0.002210822473969259
S13206,U02832,B2C,B2C,monthly,49.0,0.9872163594044974
S13243,U02847,B2C,B2C,monthly,49.0,0.24553782286882542
S13256,U02851,B2C,B2C,monthly,49.0,0.0001903840005990833
S13262,U02854,B2C,B2C,monthly,49.0,9.571705478928509e-08
S13341,U02882,B2C,B2C,monthly,49.0,3.7346414496743994e-05
S13510,U02951,B2C,B2C,monthly,49.0,0.00012417077754198184
S13536,U02961,SMB,B2B,monthly,199.0,0.00032942750872909653
S13804,U03084,B2C,B2C,monthly,49.0,2.4938602643925e-08
S13936,U03153,B2C,B2C,monthly,49.0,3.4140847317423664e-07
S13952,U03159,B2C,B2C,monthly,49.0,0.015649777477611898
S13996,U03181,B2C,B2C,monthly,49.0,2.0609316621087757e-08
S14093,U03238,B2C,B2C,monthly,49.0,0.4696524150579274
S14171,U03286,B2C,B2C,monthly,49.0,0.01367318311487246
S14173,U03287,B2C,B2C,monthly,49.0,1.6554488992620402e-07
S14204,U03306,B2C,B2C,monthly,49.0,3.2147609912815676e-05
S14220,U03317,B2C,B2C,monthly,49.0,1.0946493248620105e-05
S14251,U03336,B2C,B2C,monthly,49.0,1.6741764380816887e-08
S14308,U03368,B2C,B2C,monthly,49.0,0.8469786469765304
S14321,U03376,B2C,B2C,monthly,49.0,1.7791502013209987e-06
S14362,U03401,B2C,B2C,monthly,49.0,0.017810354242964777
S14379,U03411,B2C,B2C,monthly,49.0,4.378434813998796e-07
S14480,U03492,B2C,B2C,monthly,49.0,1.8742423162497855e-09
S14481,U03493,B2C,B2C,monthly,49.0,7.018565098849234e-05
S14521,U03533,B2C,B2C,monthly,49.0,7.377848978031159e-11
S14581,U03593,B2C,B2C,monthly,49.0,0.023637798801147962
S14603,U03615,B2C,B2C,monthly,49.0,1.3838054033342205e-07
S14610,U03622,B2C,B2C,monthly,49.0,0.0017894956188995456
S14629,U03641,B2C,B2C,monthly,49.0,0.7315435544763923
S14630,U03642,B2C,B2C,monthly,49.0,0.0017846510672634647
S14664,U03676,SMB,B2B,monthly,199.0,2.1531873951933715e-05
S14670,U03682,SMB,B2B,monthly,199.0,1.4738937331275965e-15
S05260,U01043,B2C,B2C,monthly,49.0,3.355849158063749e-10
S05484,U01080,B2C,B2C,monthly,49.0,0.0005600127625319407
S06588,U01267,B2C,B2C,monthly,49.0,0.0002364991882319939
S07687,U01452,B2C,B2C,monthly,49.0,0.012651887647990412
S08129,U01537,B2C,B2C,annual,33.25,4.901548813694431e-07
S08167,U01542,B2C,B2C,monthly,49.0,0.0006011526941929157
S08271,U01559,SMB,B2B,annual,149.92,3.28628565341407e-08
S09191,U01748,B2C,B2C,monthly,49.0,3.8684084549183713e-07
S09424,U01789,B2C,B2C,monthly,49.0,0.0016744732218218312
S09705,U01839,B2C,B2C,monthly,49.0,1.1195240105164353e-11
S09867,U01881,B2C,B2C,monthly,49.0,0.9610142923736709
S09989,U01907,B2C,B2C,monthly,49.0,4.573380831990078e-05
S10266,U01967,B2C,B2C,monthly,49.0,0.004105724542385292
S10332,U01978,B2C,B2C,monthly,49.0,7.508527465960187e-11
S10362,U01986,B2C,B2C,monthly,49.0,3.246789651227673e-05
S10912,U02123,B2C,B2C,monthly,49.0,0.0001854461086587496
S10944,U02129,B2C,B2C,monthly,49.0,9.427090367064688e-08
S11015,U02149,B2C,B2C,monthly,49.0,0.00023292424107285763
S11335,U02235,B2C,B2C,monthly,49.0,1.0859671753769345e-09
S11725,U02345,B2C,B2C,monthly,49.0,0.4554267967365512
S12168,U02478,B2C,B2C,monthly,49.0,9.480219300460386e-09
S12590,U02611,B2C,B2C,monthly,49.0,0.003935744763595506
S12647,U02629,B2C,B2C,monthly,49.0,1.5613048895337036e-05
S12767,U02667,B2C,B2C,monthly,49.0,4.487271533834599e-05
S12846,U02692,B2C,B2C,monthly,49.0,2.0164914744366248e-10
S13142,U02805,B2C,B2C,monthly,49.0,9.202607870378786e-11
S13190,U02823,B2C,B2C,monthly,49.0,4.6251630966760985e-06
S13406,U02908,B2C,B2C,monthly,49.0,0.3285774290473537
S13639,U03006,B2C,B2C,monthly,49.0,3.7675989113402757e-06
S13694,U03033,B2C,B2C,monthly,49.0,1.2754615412497311e-05
S13704,U03037,B2C,B2C,monthly,49.0,3.1376976335297263e-07
S13731,U03051,B2C,B2C,monthly,49.0,0.9866286520186318
S13773,U03068,B2C,B2C,monthly,49.0,5.561120116669623e-07
S13922,U03146,B2C,B2C,monthly,49.0,0.013147233416003953
S14075,U03228,B2C,B2C,monthly,49.0,0.12204063114389059
S14112,U03249,B2C,B2C,monthly,49.0,0.00020234416372241255
S14126,U03257,B2C,B2C,monthly,49.0,5.358837749338878e-07
S14156,U03277,B2C,B2C,monthly,49.0,0.00019074853985311306
S14268,U03347,B2C,B2C,monthly,49.0,4.92087540894024e-09
S14270,U03348,B2C,B2C,monthly,49.0,1.5914526078182547e-07
S14327,U03379,B2C,B2C,monthly,49.0,0.07193544736652868
S14341,U03388,B2C,B2C,monthly,49.0,0.05102870286830687
S14377,U03410,B2C,B2C,monthly,49.0,6.237405557581811e-07
S14418,U03436,SMB,B2B,monthly,199.0,0.8566676552136728
S14463,U03475,B2C,B2C,monthly,49.0,1.7299318909343515e-06
S14467,U03479,B2C,B2C,monthly,49.0,0.00019161199147575765
S14476,U03488,B2C,B2C,monthly,49.0,6.715962953677098e-08
S14479,U03491,B2C,B2C,monthly,49.0,2.6482885937841417e-06
S14497,U03509,B2C,B2C,monthly,49.0,1.8141521751892935e-09
S14518,U03530,B2C,B2C,monthly,49.0,1.2058775472003505e-05
S14535,U03547,B2C,B2C,monthly,49.0,9.432495259120722e-06
S14619,U03631,B2C,B2C,monthly,49.0,1.8976962833012027e-09
S14059,U03216,SMB,B2B,monthly,199.0,7.46605397904231e-13
S14280,U03353,B2C,B2C,monthly,49.0,1.0477025437266232e-05
S11949,U02413,B2C,B2C,monthly,49.0,1.267398625190185e-06
S08607,U01633,B2C,B2C,monthly,49.0,5.127602102115469e-07
S10160,U01949,B2C,B2C,monthly,49.0,0.0019193492015922096
S14223,U03318,B2C,B2C,monthly,49.0,0.0009474711235888189
S14375,U03409,B2C,B2C,monthly,49.0,4.523338599795643e-06
S11242,U02209,Enterprise,B2B,monthly,1233.19,8.840491060487247e-10
S13410,U02909,B2C,B2C,monthly,49.0,0.6265124251570688
S11228,U02203,SMB,B2B,monthly,199.0,1.5501740432781424e-11
S14290,U03358,B2C,B2C,monthly,49.0,0.28161665585493145
S12496,U02570,SMB,B2B,monthly,262.83,0.46712361846829303
S12996,U02746,B2C,B2C,monthly,49.0,5.610139229971528e-06
S14517,U03529,B2C,B2C,monthly,49.0,9.541167784638796e-09
S13550,U02965,SMB,B2B,monthly,228.58,1.753813272437195e-14
S13777,U03070,B2C,B2C,monthly,49.0,1.0917371466258617e-08
S14232,U03323,B2C,B2C,monthly,49.0,7.460667930553e-09
S06303,U01219,B2C,B2C,monthly,49.0,1.3904635239435992e-08
S11210,U02196,SMB,B2B,monthly,187.23,2.256312961984124e-12
S11267,U02215,B2C,B2C,monthly,49.0,1.1768959591210696e-05
S14562,U03574,B2C,B2C,monthly,49.0,1.9435199929228225e-05
S14624,U03636,B2C,B2C,monthly,49.0,8.656438082048175e-06
S08009,U01513,B2C,B2C,monthly,49.0,1.0400487269262886e-05
S14391,U03419,SMB,B2B,monthly,218.88,2.472403227713848e-08
S08542,U01620,B2C,B2C,monthly,49.0,3.0310747475680283e-07
S11735,U02348,B2C,B2C,monthly,49.0,9.927944461660552e-05
S14600,U03612,B2C,B2C,monthly,49.0,6.637180043761413e-08
S07322,U01387,B2C,B2C,monthly,49.0,0.0013989381047306508
