month_end,segment,base_customers,start_mrr,expansion_mrr,contraction_mrr,churn_mrr,end_mrr,ndr,grr
2023-02-28,B2B,11,3195.6000000000004,54.50999999999999,39.28,0.0,3210.83,1.0048,0.9877
2023-03-31,B2B,28,7470.95,0.0,0.0,0.0,7470.95,1.0,1.0
2023-04-30,B2B,49,14601.390000000001,66.38999999999999,32.91999999999999,1189.0,13445.86,0.9209,0.9163
2023-05-31,B2B,64,19301.540000000005,158.71999999999997,0.0,231.72,19228.54,0.9962,0.988
2023-06-30,B2B,91,28593.58,127.71000000000001,47.5,2378.0,26295.790000000005,0.9196,0.9152
2023-07-31,B2B,109,33857.07,106.14999999999992,220.44,396.93,33345.850000000006,0.9849,0.9818
2023-08-31,B2B,135,42907.20999999999,394.1099999999999,83.57999999999998,995.0,42222.740000000005,0.984,0.9749
2023-09-30,B2B,156,50200.939999999995,694.3,64.87,325.85,50504.51999999999,1.006,0.9922
2023-10-31,B2B,184,60285.31999999998,247.75000000000009,75.19999999999999,1297.78,59160.08999999999,0.9813,0.9772
2023-11-30,B2B,207,68840.04999999996,323.41999999999996,32.50999999999999,619.75,68511.20999999996,0.9952,0.9905
2023-12-31,B2B,237,80502.32999999996,490.80999999999995,39.06,3422.5699999999997,77531.50999999997,0.9631,0.957
2024-01-31,B2B,261,90516.46999999991,562.9200000000002,241.39000000000007,1459.44,89378.55999999994,0.9874,0.9812
2024-02-29,B2B,294,102615.43999999993,678.69,296.23,2142.42,100855.47999999992,0.9828,0.9762
2024-03-31,B2B,331,114904.95999999989,390.39,50.82000000000002,1936.2800000000002,113308.24999999991,0.9861,0.9827
2024-04-30,B2B,368,127935.80999999987,697.9299999999998,111.99999999999997,2079.89,126441.84999999986,0.9883,0.9829
2023-02-28,B2C,90,3969.0,0.0,0.0,392.0,3577.0,0.9012,0.9012
2023-03-31,B2C,167,7316.75,0.0,0.0,343.0,6973.75,0.9531,0.9531
2023-04-30,B2C,262,11562.25,0.0,0.0,833.0,10729.25,0.928,0.928
2023-05-31,B2C,353,15470.0,0.0,0.0,1176.0,14294.0,0.924,0.924
2023-06-30,B2C,435,18905.25,0.0,0.0,1617.0,17288.25,0.9145,0.9145
2023-07-31,B2C,528,22832.25,0.0,0.0,1078.0,21754.25,0.9528,0.9528
2023-08-31,B2C,624,27126.75,0.0,0.0,1911.0,25215.75,0.9296,0.9296
2023-09-30,B2C,716,31052.0,0.0,0.0,2450.0,28602.0,0.9211,0.9211
2023-10-31,B2C,811,35045.5,0.0,0.0,2744.0,32301.5,0.9217,0.9217
2023-11-30,B2C,917,39373.25,0.0,0.0,2842.0,36531.25,0.9278,0.9278
2023-12-31,B2C,1011,43207.5,0.0,0.0,3381.0,39826.5,0.9217,0.9217
2024-01-31,B2C,1104,46929.75,0.0,0.0,3724.0,43205.75,0.9206,0.9206
2024-02-29,B2C,1195,50475.25,0.0,0.0,3414.25,47061.0,0.9324,0.9324
2024-03-31,B2C,1314,55188.0,0.0,0.0,3741.5,51446.5,0.9322,0.9322
2024-04-30,B2C,1420,59468.5,0.0,0.0,3904.25,55564.25,0.9343,0.9343
2023-02-28,Enterprise,2,1650.0,0.0,0.0,0.0,1650.0,1.0,1.0
2023-03-31,Enterprise,4,3465.0,0.0,0.0,0.0,3465.0,1.0,1.0
2023-04-30,Enterprise,9,7755.0,0.0,0.0,990.0,6765.0,0.8723,0.8723
2023-05-31,Enterprise,12,10230.0,0.0,0.0,0.0,10230.0,1.0,1.0
2023-06-30,Enterprise,19,16005.0,0.0,0.0,1980.0,14025.0,0.8763,0.8763
2023-07-31,Enterprise,22,18645.0,59.819999999999936,194.74,0.0,18510.08,0.9928,0.9896
2023-08-31,Enterprise,29,24285.08,81.56999999999994,0.0,0.0,24366.65,1.0034,1.0
2023-09-30,Enterprise,34,28656.65,232.83999999999992,0.0,0.0,28889.489999999998,1.0081,1.0
2023-10-31,Enterprise,41,34829.49,70.93000000000006,0.0,0.0,34900.42,1.002,1.0
2023-11-30,Enterprise,48,40840.42,0.0,0.0,0.0,40840.42,1.0,1.0
2023-12-31,Enterprise,57,48595.42,0.0,0.0,1071.57,47523.85,0.9779,0.9779
2024-01-31,Enterprise,66,55773.85,121.30000000000007,147.70000000000005,0.0,55747.45,0.9995,0.9974
2024-02-29,Enterprise,75,63502.45,225.21000000000004,127.63999999999999,990.0,62610.020000000004,0.9859,0.9824
2024-03-31,Enterprise,84,71025.02,0.0,0.0,825.0,70200.02,0.9884,0.9884
2024-04-30,Enterprise,93,78945.02,164.51999999999998,0.0,1049.82,78059.72,0.9888,0.9867
2023-02-28,SMB,9,1545.6,54.50999999999999,39.28,0.0,1560.83,1.0099,0.9746
2023-03-31,SMB,24,4005.95,0.0,0.0,0.0,4005.95,1.0,1.0
2023-04-30,SMB,40,6846.390000000001,66.38999999999999,32.91999999999999,199.0,6680.860000000001,0.9758,0.9661
2023-05-31,SMB,52,9071.54,158.71999999999997,0.0,231.72,8998.54,0.992,0.9745
2023-06-30,SMB,72,12588.580000000002,127.71000000000001,47.5,398.0,12270.79,0.9748,0.9646
2023-07-31,SMB,87,15212.070000000003,46.329999999999984,25.69999999999999,396.93,14835.77,0.9753,0.9722
2023-08-31,SMB,106,18622.13,312.53999999999996,83.57999999999998,995.0,17856.090000000004,0.9589,0.9421
2023-09-30,SMB,122,21544.29,461.46000000000004,64.87,325.85,21615.03,1.0033,0.9819
2023-10-31,SMB,143,25455.83,176.82000000000002,75.19999999999999,1297.78,24259.670000000002,0.953,0.9461
2023-11-30,SMB,159,27999.63,323.42,32.50999999999999,619.75,27670.790000000005,0.9883,0.9767
2023-12-31,SMB,180,31906.910000000003,490.81000000000006,39.06,2351.0,30007.660000000003,0.9405,0.9251
2024-01-31,SMB,195,34742.62,441.62,93.69000000000003,1459.4399999999998,33631.11,0.968,0.9553
2024-02-29,SMB,219,39112.990000000005,453.48,168.59,1152.42,38245.46000000001,0.9778,0.9662
2024-03-31,SMB,247,43879.94000000001,390.38999999999993,50.82000000000002,1111.28,43108.23000000001,0.9824,0.9735
2024-04-30,SMB,275,48990.79000000001,533.4099999999999,111.99999999999997,1030.07,48382.130000000005,0.9876,0.9767
2023-02-28,Total,101,7164.6,54.50999999999999,39.28,392.0,6787.83,0.9474,0.9398
2023-03-31,Total,195,14787.7,0.0,0.0,343.0,14444.7,0.9768,0.9768
2023-04-30,Total,311,26163.64,66.38999999999999,32.91999999999999,2022.0,24175.11,0.924,0.9215
2023-05-31,Total,417,34771.54,158.71999999999997,0.0,1407.72,33522.54,0.9641,0.9595
2023-06-30,Total,526,47498.83,127.71000000000001,47.5,3995.0,43584.04,0.9176,0.9149
2023-07-31,Total,637,56689.32000000001,106.14999999999992,220.44,1474.93,55100.100000000006,0.972,0.9701
2023-08-31,Total,759,70033.96,394.1099999999999,83.57999999999998,2906.0,67438.49,0.9629,0.9573
2023-09-30,Total,872,81252.94,694.3,64.87,2775.85,79106.52,0.9736,0.965
2023-10-31,Total,995,95330.81999999999,247.75000000000009,75.19999999999999,4041.7799999999997,91461.59,0.9594,0.9568
2023-11-30,Total,1124,108213.29999999997,323.41999999999996,32.50999999999999,3461.75,105042.45999999999,0.9707,0.9677
2023-12-31,Total,1248,123709.82999999996,490.80999999999995,39.06,6803.57,117358.00999999998,0.9487,0.9447
2024-01-31,Total,1365,137446.2199999999,562.9200000000002,241.39000000000007,5183.4400000000005,132584.30999999994,0.9646,0.9605
2024-02-29,Total,1489,153090.68999999994,678.69,296.23,5556.67,147916.47999999992,0.9662,0.9618
2024-03-31,Total,1645,170092.9599999999,390.38999999999993,50.82000000000002,5677.780000000001,164754.7499999999,0.9686,0.9663
2024-04-30,Total,1788,187404.30999999988,697.9299999999998,111.99999999999997,5984.14,182006.09999999986,0.9712,0.9675
