question,segment,metric,duckdb,bigquery,abs_diff,status
Q1,B2C,mrr,64365.0,64365.0,0.0,PASS
Q1,B2C,pct_of_total,31.44,31.44,0.0,PASS
Q1,SMB,mrr,53869.36999999981,53869.369999999704,1.0913936421275139e-10,PASS
Q1,SMB,pct_of_total,26.32,26.32,0.0,PASS
Q1,Enterprise,mrr,86474.72,86474.71999999999,1.4551915228366852e-11,PASS
Q1,Enterprise,pct_of_total,42.24,42.24,0.0,PASS
Q1,B2B,mrr,140344.08999999982,140344.0899999999,8.731149137020111e-11,PASS
Q1,B2B,pct_of_total,68.56,68.56,0.0,PASS
Q1,Total,mrr,204709.09000000067,204709.09000000128,6.111804395914078e-10,PASS
Q1,Total,pct_of_total,100.0,100.0,0.0,PASS
Q2,M06_primary/B2C/all,dollar_numerator,93635.5,93635.5,0.0,PASS
Q2,M06_primary/B2C/all,dollar_denominator,104662.25,104662.25,0.0,PASS
Q2,M06_primary/B2C/all,logo_rate,0.8955,0.8955,0.0,PASS
Q2,M06_primary/B2C/all,dollar_rate,0.8946,0.8946,0.0,PASS
Q2,M06_primary/B2C/all,n_renewed,1936.0,1936.0,0.0,PASS
Q2,M06_primary/B2C/all,n_churned,226.0,226.0,0.0,PASS
Q2,M06_primary/B2C/all,n_ended,2162.0,2162.0,0.0,PASS
Q2,M06_primary/B2C/annual,dollar_numerator,2593.5,2593.5,0.0,PASS
Q2,M06_primary/B2C/annual,dollar_denominator,2693.25,2693.25,0.0,PASS
Q2,M06_primary/B2C/annual,logo_rate,0.963,0.963,0.0,PASS
Q2,M06_primary/B2C/annual,dollar_rate,0.963,0.963,0.0,PASS
Q2,M06_primary/B2C/annual,n_renewed,78.0,78.0,0.0,PASS
Q2,M06_primary/B2C/annual,n_churned,3.0,3.0,0.0,PASS
Q2,M06_primary/B2C/annual,n_ended,81.0,81.0,0.0,PASS
Q2,M06_primary/B2C/monthly,dollar_numerator,91042.0,91042.0,0.0,PASS
Q2,M06_primary/B2C/monthly,dollar_denominator,101969.0,101969.0,0.0,PASS
Q2,M06_primary/B2C/monthly,logo_rate,0.8928,0.8928,0.0,PASS
Q2,M06_primary/B2C/monthly,dollar_rate,0.8928,0.8928,0.0,PASS
Q2,M06_primary/B2C/monthly,n_renewed,1858.0,1858.0,0.0,PASS
Q2,M06_primary/B2C/monthly,n_churned,223.0,223.0,0.0,PASS
Q2,M06_primary/B2C/monthly,n_ended,2081.0,2081.0,0.0,PASS
Q2,M06_primary/SMB/all,dollar_numerator,59258.79999999999,59258.799999999996,7.275957614183426e-12,PASS
Q2,M06_primary/SMB/all,dollar_denominator,62009.54999999996,62009.54999999999,2.9103830456733704e-11,PASS
Q2,M06_primary/SMB/all,logo_rate,0.9375,0.9375,0.0,PASS
Q2,M06_primary/SMB/all,dollar_rate,0.9556,0.9556,0.0,PASS
Q2,M06_primary/SMB/all,n_renewed,270.0,270.0,0.0,PASS
Q2,M06_primary/SMB/all,n_churned,18.0,18.0,0.0,PASS
Q2,M06_primary/SMB/all,n_ended,288.0,288.0,0.0,PASS
Q2,M06_primary/SMB/annual,dollar_numerator,3391.5000000000005,3391.500000000001,4.547473508864641e-13,PASS
Q2,M06_primary/SMB/annual,dollar_denominator,3448.1600000000003,3448.1600000000008,4.547473508864641e-13,PASS
Q2,M06_primary/SMB/annual,logo_rate,0.9565,0.9565,0.0,PASS
Q2,M06_primary/SMB/annual,dollar_rate,0.9836,0.9836,0.0,PASS
Q2,M06_primary/SMB/annual,n_renewed,22.0,22.0,0.0,PASS
Q2,M06_primary/SMB/annual,n_churned,1.0,1.0,0.0,PASS
Q2,M06_primary/SMB/annual,n_ended,23.0,23.0,0.0,PASS
Q2,M06_primary/SMB/monthly,dollar_numerator,55867.3,55867.299999999996,7.275957614183426e-12,PASS
Q2,M06_primary/SMB/monthly,dollar_denominator,58561.389999999985,58561.39000000001,2.1827872842550278e-11,PASS
Q2,M06_primary/SMB/monthly,logo_rate,0.9358,0.9358,0.0,PASS
Q2,M06_primary/SMB/monthly,dollar_rate,0.954,0.954,0.0,PASS
Q2,M06_primary/SMB/monthly,n_renewed,248.0,248.0,0.0,PASS
Q2,M06_primary/SMB/monthly,n_churned,17.0,17.0,0.0,PASS
Q2,M06_primary/SMB/monthly,n_ended,265.0,265.0,0.0,PASS
Q2,M06_primary/Enterprise/all,dollar_numerator,30443.539999999994,30443.54,7.275957614183426e-12,PASS
Q2,M06_primary/Enterprise/all,dollar_denominator,32187.36999999999,32187.37,7.275957614183426e-12,PASS
Q2,M06_primary/Enterprise/all,logo_rate,0.9394,0.9394,0.0,PASS
Q2,M06_primary/Enterprise/all,dollar_rate,0.9458,0.9458,0.0,PASS
Q2,M06_primary/Enterprise/all,n_renewed,31.0,31.0,0.0,PASS
Q2,M06_primary/Enterprise/all,n_churned,2.0,2.0,0.0,PASS
Q2,M06_primary/Enterprise/all,n_ended,33.0,33.0,0.0,PASS
Q2,M06_primary/Enterprise/annual,dollar_numerator,4864.99,4864.99,0.0,PASS
Q2,M06_primary/Enterprise/annual,dollar_denominator,5775.0,5775.0,0.0,PASS
Q2,M06_primary/Enterprise/annual,logo_rate,0.8571,0.8571,0.0,PASS
Q2,M06_primary/Enterprise/annual,dollar_rate,0.8424,0.8424,0.0,PASS
Q2,M06_primary/Enterprise/annual,n_renewed,6.0,6.0,0.0,PASS
Q2,M06_primary/Enterprise/annual,n_churned,1.0,1.0,0.0,PASS
Q2,M06_primary/Enterprise/annual,n_ended,7.0,7.0,0.0,PASS
Q2,M06_primary/Enterprise/monthly,dollar_numerator,25578.549999999996,25578.55,3.637978807091713e-12,PASS
Q2,M06_primary/Enterprise/monthly,dollar_denominator,26412.37,26412.37,0.0,PASS
Q2,M06_primary/Enterprise/monthly,logo_rate,0.9615,0.9615,0.0,PASS
Q2,M06_primary/Enterprise/monthly,dollar_rate,0.9684,0.9684,0.0,PASS
Q2,M06_primary/Enterprise/monthly,n_renewed,25.0,25.0,0.0,PASS
Q2,M06_primary/Enterprise/monthly,n_churned,1.0,1.0,0.0,PASS
Q2,M06_primary/Enterprise/monthly,n_ended,26.0,26.0,0.0,PASS
Q2,M06_primary/B2B/all,dollar_numerator,89702.33999999994,89702.33999999995,1.4551915228366852e-11,PASS
Q2,M06_primary/B2B/all,dollar_denominator,94196.91999999991,94196.91999999997,5.820766091346741e-11,PASS
Q2,M06_primary/B2B/all,logo_rate,0.9377,0.9377,0.0,PASS
Q2,M06_primary/B2B/all,dollar_rate,0.9523,0.9523,0.0,PASS
Q2,M06_primary/B2B/all,n_renewed,301.0,301.0,0.0,PASS
Q2,M06_primary/B2B/all,n_churned,20.0,20.0,0.0,PASS
Q2,M06_primary/B2B/all,n_ended,321.0,321.0,0.0,PASS
Q2,M06_primary/B2B/annual,dollar_numerator,8256.49,8256.49,0.0,PASS
Q2,M06_primary/B2B/annual,dollar_denominator,9223.16,9223.160000000002,1.8189894035458565e-12,PASS
Q2,M06_primary/B2B/annual,logo_rate,0.9333,0.9333,0.0,PASS
Q2,M06_primary/B2B/annual,dollar_rate,0.8952,0.8952,0.0,PASS
Q2,M06_primary/B2B/annual,n_renewed,28.0,28.0,0.0,PASS
Q2,M06_primary/B2B/annual,n_churned,2.0,2.0,0.0,PASS
Q2,M06_primary/B2B/annual,n_ended,30.0,30.0,0.0,PASS
Q2,M06_primary/B2B/monthly,dollar_numerator,81445.84999999995,81445.85000000002,7.275957614183426e-11,PASS
Q2,M06_primary/B2B/monthly,dollar_denominator,84973.75999999994,84973.76,5.820766091346741e-11,PASS
Q2,M06_primary/B2B/monthly,logo_rate,0.9381,0.9381,0.0,PASS
Q2,M06_primary/B2B/monthly,dollar_rate,0.9585,0.9585,0.0,PASS
Q2,M06_primary/B2B/monthly,n_renewed,273.0,273.0,0.0,PASS
Q2,M06_primary/B2B/monthly,n_churned,18.0,18.0,0.0,PASS
Q2,M06_primary/B2B/monthly,n_ended,291.0,291.0,0.0,PASS
Q2,M06_primary/Total/all,dollar_numerator,183337.84000000005,183337.84000000003,2.9103830456733704e-11,PASS
Q2,M06_primary/Total/all,dollar_denominator,198859.16999999993,198859.17000000007,1.4551915228366852e-10,PASS
Q2,M06_primary/Total/all,logo_rate,0.9009,0.9009,0.0,PASS
Q2,M06_primary/Total/all,dollar_rate,0.9219,0.9219,0.0,PASS
Q2,M06_primary/Total/all,n_renewed,2237.0,2237.0,0.0,PASS
Q2,M06_primary/Total/all,n_churned,246.0,246.0,0.0,PASS
Q2,M06_primary/Total/all,n_ended,2483.0,2483.0,0.0,PASS
Q2,M06_primary/Total/annual,dollar_numerator,10849.99,10849.990000000002,1.8189894035458565e-12,PASS
Q2,M06_primary/Total/annual,dollar_denominator,11916.410000000002,11916.41,1.8189894035458565e-12,PASS
Q2,M06_primary/Total/annual,logo_rate,0.955,0.955,0.0,PASS
Q2,M06_primary/Total/annual,dollar_rate,0.9105,0.9105,0.0,PASS
Q2,M06_primary/Total/annual,n_renewed,106.0,106.0,0.0,PASS
Q2,M06_primary/Total/annual,n_churned,5.0,5.0,0.0,PASS
Q2,M06_primary/Total/annual,n_ended,111.0,111.0,0.0,PASS
Q2,M06_primary/Total/monthly,dollar_numerator,172487.8500000001,172487.84999999995,1.4551915228366852e-10,PASS
Q2,M06_primary/Total/monthly,dollar_denominator,186942.75999999998,186942.75999999998,0.0,PASS
Q2,M06_primary/Total/monthly,logo_rate,0.8984,0.8984,0.0,PASS
Q2,M06_primary/Total/monthly,dollar_rate,0.9227,0.9227,0.0,PASS
Q2,M06_primary/Total/monthly,n_renewed,2131.0,2131.0,0.0,PASS
Q2,M06_primary/Total/monthly,n_churned,241.0,241.0,0.0,PASS
Q2,M06_primary/Total/monthly,n_ended,2372.0,2372.0,0.0,PASS
Q2,M07_crosscheck/B2C/all,dollar_numerator,,,0.0,PASS
Q2,M07_crosscheck/B2C/all,dollar_denominator,,,0.0,PASS
Q2,M07_crosscheck/B2C/all,logo_rate,0.8261,0.8261,0.0,PASS
Q2,M07_crosscheck/B2C/all,dollar_rate,,,0.0,PASS
Q2,M07_crosscheck/B2C/all,n_renewed,,,0.0,PASS
Q2,M07_crosscheck/B2C/all,n_churned,,,0.0,PASS
Q2,M07_crosscheck/B2C/all,n_ended,1104.0,1104.0,0.0,PASS
Q2,M07_crosscheck/SMB/all,dollar_numerator,,,0.0,PASS
Q2,M07_crosscheck/SMB/all,dollar_denominator,,,0.0,PASS
Q2,M07_crosscheck/SMB/all,logo_rate,0.9231,0.9231,0.0,PASS
Q2,M07_crosscheck/SMB/all,dollar_rate,,,0.0,PASS
Q2,M07_crosscheck/SMB/all,n_renewed,,,0.0,PASS
Q2,M07_crosscheck/SMB/all,n_churned,,,0.0,PASS
Q2,M07_crosscheck/SMB/all,n_ended,195.0,195.0,0.0,PASS
Q2,M07_crosscheck/Enterprise/all,dollar_numerator,,,0.0,PASS
Q2,M07_crosscheck/Enterprise/all,dollar_denominator,,,0.0,PASS
Q2,M07_crosscheck/Enterprise/all,logo_rate,0.9697,0.9697,0.0,PASS
Q2,M07_crosscheck/Enterprise/all,dollar_rate,,,0.0,PASS
Q2,M07_crosscheck/Enterprise/all,n_renewed,,,0.0,PASS
Q2,M07_crosscheck/Enterprise/all,n_churned,,,0.0,PASS
Q2,M07_crosscheck/Enterprise/all,n_ended,66.0,66.0,0.0,PASS
Q2,M07_crosscheck/B2B/all,dollar_numerator,,,0.0,PASS
Q2,M07_crosscheck/B2B/all,dollar_denominator,,,0.0,PASS
Q2,M07_crosscheck/B2B/all,logo_rate,0.9349,0.9349,0.0,PASS
Q2,M07_crosscheck/B2B/all,dollar_rate,,,0.0,PASS
Q2,M07_crosscheck/B2B/all,n_renewed,,,0.0,PASS
Q2,M07_crosscheck/B2B/all,n_churned,,,0.0,PASS
Q2,M07_crosscheck/B2B/all,n_ended,261.0,261.0,0.0,PASS
Q2,M07_crosscheck/Total/all,dollar_numerator,,,0.0,PASS
Q2,M07_crosscheck/Total/all,dollar_denominator,,,0.0,PASS
Q2,M07_crosscheck/Total/all,logo_rate,0.8469,0.8469,0.0,PASS
Q2,M07_crosscheck/Total/all,dollar_rate,,,0.0,PASS
Q2,M07_crosscheck/Total/all,n_renewed,,,0.0,PASS
Q2,M07_crosscheck/Total/all,n_churned,,,0.0,PASS
Q2,M07_crosscheck/Total/all,n_ended,1365.0,1365.0,0.0,PASS
Q3,B2C/monthly,active_subs,844.0,844.0,0.0,PASS
Q3,B2C/annual,active_subs,692.0,692.0,0.0,PASS
Q3,B2C/Total,active_subs,1536.0,1536.0,0.0,PASS
Q3,SMB/monthly,active_subs,113.0,113.0,0.0,PASS
Q3,SMB/annual,active_subs,190.0,190.0,0.0,PASS
Q3,SMB/Total,active_subs,303.0,303.0,0.0,PASS
Q3,Enterprise/monthly,active_subs,12.0,12.0,0.0,PASS
Q3,Enterprise/annual,active_subs,90.0,90.0,0.0,PASS
Q3,Enterprise/Total,active_subs,102.0,102.0,0.0,PASS
Q3,Total/monthly,active_subs,969.0,969.0,0.0,PASS
Q3,Total/annual,active_subs,972.0,972.0,0.0,PASS
Q3,Total/Total,active_subs,1941.0,1941.0,0.0,PASS
Q4,M08_M09_M10/B2C,start_mrr,15470.0,15470.0,0.0,PASS
Q4,M08_M09_M10/B2C,expansion_mrr,0.0,0.0,0.0,PASS
Q4,M08_M09_M10/B2C,contraction_mrr,0.0,0.0,0.0,PASS
Q4,M08_M09_M10/B2C,churn_mrr,8806.0,8806.0,0.0,PASS
Q4,M08_M09_M10/B2C,end_mrr,6664.0,6664.0,0.0,PASS
Q4,M08_M09_M10/B2C,ndr,0.4308,0.4308,0.0,PASS
Q4,M08_M09_M10/B2C,grr,0.4308,0.4308,0.0,PASS
Q4,M08_M09_M10/B2C,base_customers,353.0,353.0,0.0,PASS
Q4,M08_M09_M10/SMB,start_mrr,9071.54,9071.54,0.0,PASS
Q4,M08_M09_M10/SMB,expansion_mrr,1286.8,1286.8000000000002,2.2737367544323206e-13,PASS
Q4,M08_M09_M10/SMB,contraction_mrr,40.78,40.78,0.0,PASS
Q4,M08_M09_M10/SMB,churn_mrr,2171.57,2171.5699999999997,4.547473508864641e-13,PASS
Q4,M08_M09_M10/SMB,end_mrr,8145.990000000002,8145.990000000001,9.094947017729282e-13,PASS
Q4,M08_M09_M10/SMB,ndr,0.898,0.898,0.0,PASS
Q4,M08_M09_M10/SMB,grr,0.7561,0.7561,0.0,PASS
Q4,M08_M09_M10/SMB,base_customers,52.0,52.0,0.0,PASS
Q4,M08_M09_M10/Enterprise,start_mrr,10230.0,10230.0,0.0,PASS
Q4,M08_M09_M10/Enterprise,expansion_mrr,42.629999999999995,42.629999999999995,0.0,PASS
Q4,M08_M09_M10/Enterprise,contraction_mrr,127.63999999999999,127.63999999999999,0.0,PASS
Q4,M08_M09_M10/Enterprise,churn_mrr,2805.0,2805.0,0.0,PASS
Q4,M08_M09_M10/Enterprise,end_mrr,7339.99,7339.99,0.0,PASS
Q4,M08_M09_M10/Enterprise,ndr,0.7175,0.7175,0.0,PASS
Q4,M08_M09_M10/Enterprise,grr,0.7133,0.7133,0.0,PASS
Q4,M08_M09_M10/Enterprise,base_customers,12.0,12.0,0.0,PASS
Q4,M08_M09_M10/B2B,start_mrr,19301.54,19301.539999999994,7.275957614183426e-12,PASS
Q4,M08_M09_M10/B2B,expansion_mrr,1329.43,1329.4300000000003,2.2737367544323206e-13,PASS
Q4,M08_M09_M10/B2B,contraction_mrr,168.42,168.42,0.0,PASS
Q4,M08_M09_M10/B2B,churn_mrr,4976.57,4976.57,0.0,PASS
Q4,M08_M09_M10/B2B,end_mrr,15485.980000000003,15485.980000000001,1.8189894035458565e-12,PASS
Q4,M08_M09_M10/B2B,ndr,0.8023,0.8023,0.0,PASS
Q4,M08_M09_M10/B2B,grr,0.7334,0.7334,0.0,PASS
Q4,M08_M09_M10/B2B,base_customers,64.0,64.0,0.0,PASS
Q4,M08_M09_M10/Total,start_mrr,34771.539999999964,34771.53999999995,1.4551915228366852e-11,PASS
Q4,M08_M09_M10/Total,expansion_mrr,1329.43,1329.4300000000003,2.2737367544323206e-13,PASS
Q4,M08_M09_M10/Total,contraction_mrr,168.42,168.42,0.0,PASS
Q4,M08_M09_M10/Total,churn_mrr,13782.57,13782.57,0.0,PASS
Q4,M08_M09_M10/Total,end_mrr,22149.979999999992,22149.979999999992,0.0,PASS
Q4,M08_M09_M10/Total,ndr,0.637,0.637,0.0,PASS
Q4,M08_M09_M10/Total,grr,0.5988,0.5988,0.0,PASS
Q4,M08_M09_M10/Total,base_customers,417.0,417.0,0.0,PASS
Q4,renewal_crosscheck/B2C,start_mrr,,,0.0,PASS
Q4,renewal_crosscheck/B2C,expansion_mrr,0.0,0.0,0.0,PASS
Q4,renewal_crosscheck/B2C,contraction_mrr,0.0,0.0,0.0,PASS
Q4,renewal_crosscheck/B2C,churn_mrr,,,0.0,PASS
Q4,renewal_crosscheck/B2C,end_mrr,,,0.0,PASS
Q4,renewal_crosscheck/B2C,ndr,,,0.0,PASS
Q4,renewal_crosscheck/B2C,grr,,,0.0,PASS
Q4,renewal_crosscheck/B2C,base_customers,5803.0,5803.0,0.0,PASS
Q4,renewal_crosscheck/SMB,start_mrr,,,0.0,PASS
Q4,renewal_crosscheck/SMB,expansion_mrr,3916.7099999999987,3916.71,1.3642420526593924e-12,PASS
Q4,renewal_crosscheck/SMB,contraction_mrr,793.5199999999999,793.52,1.1368683772161603e-13,PASS
Q4,renewal_crosscheck/SMB,churn_mrr,,,0.0,PASS
Q4,renewal_crosscheck/SMB,end_mrr,,,0.0,PASS
Q4,renewal_crosscheck/SMB,ndr,,,0.0,PASS
Q4,renewal_crosscheck/SMB,grr,,,0.0,PASS
Q4,renewal_crosscheck/SMB,base_customers,757.0,757.0,0.0,PASS
Q4,renewal_crosscheck/Enterprise,start_mrr,,,0.0,PASS
Q4,renewal_crosscheck/Enterprise,expansion_mrr,956.1899999999999,956.1899999999999,0.0,PASS
Q4,renewal_crosscheck/Enterprise,contraction_mrr,470.08000000000004,470.08000000000004,0.0,PASS
Q4,renewal_crosscheck/Enterprise,churn_mrr,,,0.0,PASS
Q4,renewal_crosscheck/Enterprise,end_mrr,,,0.0,PASS
Q4,renewal_crosscheck/Enterprise,ndr,,,0.0,PASS
Q4,renewal_crosscheck/Enterprise,grr,,,0.0,PASS
Q4,renewal_crosscheck/Enterprise,base_customers,75.0,75.0,0.0,PASS
Q4,renewal_crosscheck/B2B,start_mrr,,,0.0,PASS
Q4,renewal_crosscheck/B2B,expansion_mrr,4872.899999999998,4872.9,1.8189894035458565e-12,PASS
Q4,renewal_crosscheck/B2B,contraction_mrr,1263.6,1263.6000000000001,2.2737367544323206e-13,PASS
Q4,renewal_crosscheck/B2B,churn_mrr,,,0.0,PASS
Q4,renewal_crosscheck/B2B,end_mrr,,,0.0,PASS
Q4,renewal_crosscheck/B2B,ndr,,,0.0,PASS
Q4,renewal_crosscheck/B2B,grr,,,0.0,PASS
Q4,renewal_crosscheck/B2B,base_customers,832.0,832.0,0.0,PASS
Q4,renewal_crosscheck/Total,start_mrr,,,0.0,PASS
Q4,renewal_crosscheck/Total,expansion_mrr,4872.9,4872.9,0.0,PASS
Q4,renewal_crosscheck/Total,contraction_mrr,1263.6,1263.5999999999997,2.2737367544323206e-13,PASS
Q4,renewal_crosscheck/Total,churn_mrr,,,0.0,PASS
Q4,renewal_crosscheck/Total,end_mrr,,,0.0,PASS
Q4,renewal_crosscheck/Total,ndr,,,0.0,PASS
Q4,renewal_crosscheck/Total,grr,,,0.0,PASS
Q4,renewal_crosscheck/Total,base_customers,6635.0,6635.0,0.0,PASS
